// This file was generated by SquareLine Studio
// SquareLine Studio version: SquareLine Studio 1.5.2
// LVGL version: 8.3.11
// Project name: main_interface

#include "../ui.h"

#ifndef LV_ATTRIBUTE_MEM_ALIGN
    #define LV_ATTRIBUTE_MEM_ALIGN
#endif

// IMAGE DATA: assets/header.png
const LV_ATTRIBUTE_MEM_ALIGN uint8_t ui_img_header_png_data[] = {
    0xff,0xff,0x00,0xff,0xff,0x00,0xff,0xff,0x00,0xff,0xff,0x00,0xff,0xff,0x00,0xff,
    0xff,0x00,0xff,0xff,0x00,0xff,0xff,0x00,0xff,0xff,0x00,0xff,0xff,0x00,0xff,0xff,
    0x00,0xff,0xff,0x00,0xff,0xff,0x00,0xff,0xff,0x00,0xff,0xff,0x00,0xff,0xff,0x00,
    0xff,0xff,0x00,0xff,0xff,0x00,0xff,0xff,0x00,0xff,0xff,0x00,0xff,0xff,0x00,0xff,
    0xff,0x00,0xff,0xff,0x00,0xff,0xff,0x00,0xff,0xff,0x00,0xff,0xff,0x00,0xff,0xff,
    0x00,0xff,0xff,0x00,0xff,0xff,0x00,0xff,0xff,0x00,0xff,0xff,0x00,0xff,0xff,0x00,
    0xff,0xff,0x00,0xff,0xff,0x00,0xff,0xff,0x00,0xff,0xff,0x00,0xff,0xff,0x00,0xff,
    0xff,0x00,0xff,0xff,0x00,0xff,0xff,0x00,0xff,0xff,0x00,0xff,0xff,0x00,0xff,0xff,
    0x00,0xff,0xff,0x00,0xff,0xff,0x00,0xff,0xff,0x00,0xff,0xff,0x00,0xff,0xff,0x00,
    0xff,0xff,0x00,0xff,0xff,0x00,0xff,0xff,0x00,0xff,0xff,0x00,0xff,0xff,0x00,0xff,
    0xff,0x00,0xff,0xff,0x00,0xff,0xff,0x00,0xff,0xff,0x00,0xff,0xff,0x00,0xff,0xff,
    0x00,0xff,0xff,0x00,0xff,0xff,0x00,0xff,0xff,0x00,0xff,0xff,0x00,0xff,0xff,0x00,
    0xff,0xff,0x00,0xff,0xff,0x00,0xff,0xff,0x00,0x03,0xe0,0x20,0x03,0xe0,0x40,0x03,
    0xe0,0x40,0x03,0xe0,0x40,0x03,0xe0,0x10,0xff,0xff,0x00,0xff,0xff,0x00,0xff,0xff,
    0x00,0xff,0xff,0x00,0xff,0xff,0x00,0xff,0xff,0x00,0xff,0xff,0x00,0xff,0xff,0x00,
    0xff,0xff,0x00,0xff,0xff,0x00,0xff,0xff,0x00,0xff,0xff,0x00,0xff,0xff,0x00,0xff,
    0xff,0x00,0xff,0xff,0x00,0xff,0xff,0x00,0xff,0xff,0x00,0xff,0xff,0x00,0xff,0xff,
    0x00,0xff,0xff,0x00,0xff,0xff,0x00,0xff,0xff,0x00,0xff,0xff,0x00,0xff,0xff,0x00,
    0xff,0xff,0x00,0xff,0xff,0x00,0xff,0xff,0x00,0xff,0xff,0x00,0xff,0xff,0x00,0xff,
    0xff,0x00,0xff,0xff,0x00,0xff,0xff,0x00,0xff,0xff,0x00,0xff,0xff,0x00,0xff,0xff,
    0x00,0xff,0xff,0x00,0xff,0xff,0x00,0xff,0xff,0x00,0xff,0xff,0x00,0xff,0xff,0x00,
    0xff,0xff,0x00,0xff,0xff,0x00,0xff,0xff,0x00,0xff,0xff,0x00,0xff,0xff,0x00,0xff,
    0xff,0x00,0xff,0xff,0x00,0xff,0xff,0x00,0xff,0xff,0x00,0xff,0xff,0x00,0xff,0xff,
    0x00,0xff,0xff,0x00,0xff,0xff,0x00,0xff,0xff,0x00,0xff,0xff,0x00,0xff,0xff,0x00,
    0xff,0xff,0x00,0xff,0xff,0x00,0xff,0xff,0x00,0xff,0xff,0x00,0xff,0xff,0x00,0xff,
    0xff,0x00,0xff,0xff,0x00,0xff,0xff,0x00,0xff,0xff,0x00,0xff,0xff,0x00,0xff,0xff,
    0x00,0xff,0xff,0x00,0xff,0xff,0x00,0xff,0xff,0x00,0xff,0xff,0x00,0xff,0xff,0x00,
    0xff,0xff,0x00,0xff,0xff,0x00,0xff,0xff,0x00,0xff,0xff,0x00,0xff,0xff,0x00,0xff,
    0xff,0x00,0xff,0xff,0x00,0xff,0xff,0x00,0xff,0xff,0x00,0xff,0xff,0x00,0xff,0xff,
    0x00,0xff,0xff,0x00,0xff,0xff,0x00,0xff,0xff,0x00,0xff,0xff,0x00,0xff,0xff,0x00,
    0xff,0xff,0x00,0xff,0xff,0x00,0xff,0xff,0x00,0xff,0xff,0x00,0xff,0xff,0x00,0xff,
    0xff,0x00,0xff,0xff,0x00,0xff,0xff,0x00,0xff,0xff,0x00,0xff,0xff,0x00,0xff,0xff,
    0x00,0xff,0xff,0x00,0xff,0xff,0x00,0xff,0xff,0x00,0xff,0xff,0x00,0xff,0xff,0x00,
    0xff,0xff,0x00,0xff,0xff,0x00,0xff,0xff,0x00,0xff,0xff,0x00,0xff,0xff,0x00,0xff,
    0xff,0x00,0xff,0xff,0x00,0xff,0xff,0x00,0xff,0xff,0x00,0xff,0xff,0x00,0xff,0xff,
    0x00,0xff,0xff,0x00,0xff,0xff,0x00,0xff,0xff,0x00,0xff,0xff,0x00,0xff,0xff,0x00,
    0xff,0xff,0x00,0xff,0xff,0x00,0xff,0xff,0x00,0xff,0xff,0x00,0xff,0xff,0x00,0xff,
    0xff,0x00,0xff,0xff,0x00,0xff,0xff,0x00,0xff,0xff,0x00,0xff,0xff,0x00,0xff,0xff,
    0x00,0xff,0xff,0x00,0xff,0xff,0x00,0xff,0xff,0x00,0xff,0xff,0x00,0xff,0xff,0x00,
    0xff,0xff,0x00,0xff,0xff,0x00,0xff,0xff,0x00,0xff,0xff,0x00,0xff,0xff,0x00,0xff,
    0xff,0x00,0xff,0xff,0x00,0xff,0xff,0x00,0xff,0xff,0x00,0xff,0xff,0x00,0xff,0xff,
    0x00,0xff,0xff,0x00,0xff,0xff,0x00,0xff,0xff,0x00,0xff,0xff,0x00,0xff,0xff,0x00,
    0xff,0xff,0x00,0xff,0xff,0x00,0xff,0xff,0x00,0xff,0xff,0x00,0x03,0xe0,0x10,0x03,
    0xe0,0x40,0x03,0xe0,0x40,0x03,0xe0,0x40,0x03,0xe0,0x20,0xff,0xff,0x00,0xff,0xff,
    0x00,0xff,0xff,0x00,0xff,0xff,0x00,0xff,0xff,0x00,0xff,0xff,0x00,0xff,0xff,0x00,
    0xff,0xff,0x00,0xff,0xff,0x00,0xff,0xff,0x00,0xff,0xff,0x00,0xff,0xff,0x00,0xff,
    0xff,0x00,0xff,0xff,0x00,0xff,0xff,0x00,0xff,0xff,0x00,0xff,0xff,0x00,0xff,0xff,
    0x00,0xff,0xff,0x00,0xff,0xff,0x00,0xff,0xff,0x00,0xff,0xff,0x00,0xff,0xff,0x00,
    0xff,0xff,0x00,0xff,0xff,0x00,0xff,0xff,0x00,0xff,0xff,0x00,0xff,0xff,0x00,0xff,
    0xff,0x00,0xff,0xff,0x00,0xff,0xff,0x00,0xff,0xff,0x00,0xff,0xff,0x00,0xff,0xff,
    0x00,0xff,0xff,0x00,0xff,0xff,0x00,0xff,0xff,0x00,0xff,0xff,0x00,0xff,0xff,0x00,
    0xff,0xff,0x00,0xff,0xff,0x00,0xff,0xff,0x00,0xff,0xff,0x00,0xff,0xff,0x00,0xff,
    0xff,0x00,0xff,0xff,0x00,0xff,0xff,0x00,0xff,0xff,0x00,0xff,0xff,0x00,0xff,0xff,
    0x00,0xff,0xff,0x00,0xff,0xff,0x00,0xff,0xff,0x00,0xff,0xff,0x00,0xff,0xff,0x00,
    0xff,0xff,0x00,0xff,0xff,0x00,0xff,0xff,0x00,0xff,0xff,0x00,0xff,0xff,0x00,0xff,
    0xff,0x00,0xff,0xff,0x00,0xff,0xff,0x00,0xff,0xff,0x00,0xff,0xff,0x00,0xff,0xff,
    0x00,0xff,0xff,0x00,0xff,0xff,0x00,0xff,0xff,0x00,0xff,0xff,0x00,0xff,0xff,0x00,
    0xff,0xff,0x00,0xff,0xff,0x00,0xff,0xff,0x00,0xff,0xff,0x00,0xff,0xff,0x00,0xff,
    0xff,0x00,0xff,0xff,0x00,0xff,0xff,0x00,0xff,0xff,0x00,0xff,0xff,0x00,0xff,0xff,
    0x00,0xff,0xff,0x00,0xff,0xff,0x00,0xff,0xff,0x00,0xff,0xff,0x00,0xff,0xff,0x00,
    0xff,0xff,0x00,0xff,0xff,0x00,0xff,0xff,0x00,0xff,0xff,0x00,0xff,0xff,0x00,0xff,
    0xff,0x00,0xff,0xff,0x00,0xff,0xff,0x00,0xff,0xff,0x00,0xff,0xff,0x00,0xff,0xff,
    0x00,0xff,0xff,0x00,0xff,0xff,0x00,0xff,0xff,0x00,0xff,0xff,0x00,0xff,0xff,0x00,
    0xff,0xff,0x00,0xff,0xff,0x00,0xff,0xff,0x00,0xff,0xff,0x00,0xff,0xff,0x00,0xff,
    0xff,0x00,0xff,0xff,0x00,0xff,0xff,0x00,0xff,0xff,0x00,0xff,0xff,0x00,0xff,0xff,
    0x00,0xff,0xff,0x00,0xff,0xff,0x00,0xff,0xff,0x00,0xff,0xff,0x00,0xff,0xff,0x00,
    0xff,0xff,0x00,0xff,0xff,0x00,0xff,0xff,0x00,0xff,0xff,0x00,0xff,0xff,0x00,0xff,
    0xff,0x00,0xff,0xff,0x00,0xff,0xff,0x00,0xff,0xff,0x00,0xff,0xff,0x00,0xff,0xff,
    0x00,0xff,0xff,0x00,0xff,0xff,0x00,0x03,0xe0,0x50,0x03,0xe0,0xd0,0x03,0xe0,0xff,
    0x03,0xe0,0xff,0x03,0xe0,0xff,0x03,0xe0,0xff,0x03,0xe0,0xff,0x03,0xe0,0xc0,0x03,
    0xe0,0x40,0xff,0xff,0x00,0xff,0xff,0x00,0xff,0xff,0x00,0xff,0xff,0x00,0xff,0xff,
    0x00,0xff,0xff,0x00,0xff,0xff,0x00,0xff,0xff,0x00,0xff,0xff,0x00,0xff,0xff,0x00,
    0xff,0xff,0x00,0xff,0xff,0x00,0xff,0xff,0x00,0xff,0xff,0x00,0xff,0xff,0x00,0xff,
    0xff,0x00,0xff,0xff,0x00,0xff,0xff,0x00,0xff,0xff,0x00,0xff,0xff,0x00,0xff,0xff,
    0x00,0xff,0xff,0x00,0xff,0xff,0x00,0xff,0xff,0x00,0xff,0xff,0x00,0xff,0xff,0x00,
    0xff,0xff,0x00,0xff,0xff,0x00,0xff,0xff,0x00,0xff,0xff,0x00,0xff,0xff,0x00,0xff,
    0xff,0x00,0xff,0xff,0x00,0xff,0xff,0x00,0xff,0xff,0x00,0xff,0xff,0x00,0xff,0xff,
    0x00,0xff,0xff,0x00,0xff,0xff,0x00,0xff,0xff,0x00,0xff,0xff,0x00,0xff,0xff,0x00,
    0xff,0xff,0x00,0xff,0xff,0x00,0xff,0xff,0x00,0xff,0xff,0x00,0xff,0xff,0x00,0xff,
    0xff,0x00,0xff,0xff,0x00,0xff,0xff,0x00,0xff,0xff,0x00,0xff,0xff,0x00,0xff,0xff,
    0x00,0xff,0xff,0x00,0xff,0xff,0x00,0xff,0xff,0x00,0xff,0xff,0x00,0xff,0xff,0x00,
    0xff,0xff,0x00,0xff,0xff,0x00,0xff,0xff,0x00,0xff,0xff,0x00,0xff,0xff,0x00,0xff,
    0xff,0x00,0xff,0xff,0x00,0xff,0xff,0x00,0xff,0xff,0x00,0xff,0xff,0x00,0xff,0xff,
    0x00,0xff,0xff,0x00,0xff,0xff,0x00,0xff,0xff,0x00,0xff,0xff,0x00,0xff,0xff,0x00,
    0xff,0xff,0x00,0xff,0xff,0x00,0xff,0xff,0x00,0xff,0xff,0x00,0xff,0xff,0x00,0xff,
    0xff,0x00,0xff,0xff,0x00,0xff,0xff,0x00,0xff,0xff,0x00,0xff,0xff,0x00,0xff,0xff,
    0x00,0xff,0xff,0x00,0xff,0xff,0x00,0xff,0xff,0x00,0xff,0xff,0x00,0xff,0xff,0x00,
    0xff,0xff,0x00,0xff,0xff,0x00,0xff,0xff,0x00,0xff,0xff,0x00,0xff,0xff,0x00,0xff,
    0xff,0x00,0xff,0xff,0x00,0xff,0xff,0x00,0xff,0xff,0x00,0xff,0xff,0x00,0xff,0xff,
    0x00,0xff,0xff,0x00,0xff,0xff,0x00,0xff,0xff,0x00,0xff,0xff,0x00,0xff,0xff,0x00,
    0xff,0xff,0x00,0xff,0xff,0x00,0xff,0xff,0x00,0xff,0xff,0x00,0xff,0xff,0x00,0xff,
    0xff,0x00,0xff,0xff,0x00,0xff,0xff,0x00,0xff,0xff,0x00,0xff,0xff,0x00,0xff,0xff,
    0x00,0xff,0xff,0x00,0xff,0xff,0x00,0xff,0xff,0x00,0xff,0xff,0x00,0xff,0xff,0x00,
    0xff,0xff,0x00,0xff,0xff,0x00,0xff,0xff,0x00,0xff,0xff,0x00,0xff,0xff,0x00,0xff,
    0xff,0x00,0xff,0xff,0x00,0xff,0xff,0x00,0xff,0xff,0x00,0xff,0xff,0x00,0xff,0xff,
    0x00,0xff,0xff,0x00,0xff,0xff,0x00,0xff,0xff,0x00,0xff,0xff,0x00,0xff,0xff,0x00,
    0xff,0xff,0x00,0xff,0xff,0x00,0xff,0xff,0x00,0xff,0xff,0x00,0xff,0xff,0x00,0xff,
    0xff,0x00,0xff,0xff,0x00,0xff,0xff,0x00,0xff,0xff,0x00,0xff,0xff,0x00,0xff,0xff,
    0x00,0xff,0xff,0x00,0xff,0xff,0x00,0xff,0xff,0x00,0x03,0xe0,0x40,0x03,0xe0,0xc0,
    0x03,0xe0,0xff,0x03,0xe0,0xff,0x03,0xe0,0xff,0x03,0xe0,0xff,0x03,0xe0,0xff,0x03,
    0xe0,0xd0,0x03,0xe0,0x50,0xff,0xff,0x00,0xff,0xff,0x00,0xff,0xff,0x00,0xff,0xff,
    0x00,0xff,0xff,0x00,0xff,0xff,0x00,0xff,0xff,0x00,0xff,0xff,0x00,0xff,0xff,0x00,
    0xff,0xff,0x00,0xff,0xff,0x00,0xff,0xff,0x00,0xff,0xff,0x00,0xff,0xff,0x00,0xff,
    0xff,0x00,0xff,0xff,0x00,0xff,0xff,0x00,0xff,0xff,0x00,0xff,0xff,0x00,0xff,0xff,
    0x00,0xff,0xff,0x00,0xff,0xff,0x00,0xff,0xff,0x00,0xff,0xff,0x00,0xff,0xff,0x00,
    0xff,0xff,0x00,0xff,0xff,0x00,0xff,0xff,0x00,0xff,0xff,0x00,0xff,0xff,0x00,0xff,
    0xff,0x00,0xff,0xff,0x00,0xff,0xff,0x00,0xff,0xff,0x00,0xff,0xff,0x00,0xff,0xff,
    0x00,0xff,0xff,0x00,0xff,0xff,0x00,0xff,0xff,0x00,0xff,0xff,0x00,0xff,0xff,0x00,
    0xff,0xff,0x00,0xff,0xff,0x00,0xff,0xff,0x00,0xff,0xff,0x00,0xff,0xff,0x00,0xff,
    0xff,0x00,0xff,0xff,0x00,0xff,0xff,0x00,0xff,0xff,0x00,0xff,0xff,0x00,0xff,0xff,
    0x00,0xff,0xff,0x00,0xff,0xff,0x00,0xff,0xff,0x00,0xff,0xff,0x00,0xff,0xff,0x00,
    0xff,0xff,0x00,0xff,0xff,0x00,0xff,0xff,0x00,0xff,0xff,0x00,0xff,0xff,0x00,0xff,
    0xff,0x00,0xff,0xff,0x00,0xff,0xff,0x00,0xff,0xff,0x00,0xff,0xff,0x00,0xff,0xff,
    0x00,0xff,0xff,0x00,0xff,0xff,0x00,0xff,0xff,0x00,0xff,0xff,0x00,0xff,0xff,0x00,
    0xff,0xff,0x00,0xff,0xff,0x00,0xff,0xff,0x00,0xff,0xff,0x00,0xff,0xff,0x00,0xff,
    0xff,0x00,0xff,0xff,0x00,0xff,0xff,0x00,0xff,0xff,0x00,0xff,0xff,0x00,0xff,0xff,
    0x00,0xff,0xff,0x00,0xff,0xff,0x00,0xff,0xff,0x00,0xff,0xff,0x00,0xff,0xff,0x00,
    0xff,0xff,0x00,0xff,0xff,0x00,0xff,0xff,0x00,0xff,0xff,0x00,0xff,0xff,0x00,0xff,
    0xff,0x00,0xff,0xff,0x00,0xff,0xff,0x00,0xff,0xff,0x00,0xff,0xff,0x00,0xff,0xff,
    0x00,0xff,0xff,0x00,0xff,0xff,0x00,0xff,0xff,0x00,0xff,0xff,0x00,0xff,0xff,0x00,
    0xff,0xff,0x00,0xff,0xff,0x00,0xff,0xff,0x00,0xff,0xff,0x00,0xff,0xff,0x00,0xff,
    0xff,0x00,0xff,0xff,0x00,0xff,0xff,0x00,0xff,0xff,0x00,0xff,0xff,0x00,0xff,0xff,
    0x00,0xff,0xff,0x00,0xff,0xff,0x00,0xff,0xff,0x00,0xff,0xff,0x00,0xff,0xff,0x00,
    0xff,0xff,0x00,0xff,0xff,0x00,0xff,0xff,0x00,0xff,0xff,0x00,0xff,0xff,0x00,0xff,
    0xff,0x00,0xff,0xff,0x00,0xff,0xff,0x00,0x03,0xe0,0xa0,0x03,0xe0,0xff,0x03,0xe0,
    0xff,0x03,0xe0,0xff,0x03,0xe0,0xff,0x03,0xe0,0xff,0x03,0xe0,0xff,0x03,0xe0,0xff,
    0x03,0xe0,0xff,0x03,0xe0,0xff,0x03,0xe0,0x90,0xff,0xff,0x00,0xff,0xff,0x00,0xff,
    0xff,0x00,0xff,0xff,0x00,0xff,0xff,0x00,0xff,0xff,0x00,0xff,0xff,0x00,0xff,0xff,
    0x00,0xff,0xff,0x00,0xff,0xff,0x00,0xff,0xff,0x00,0xff,0xff,0x00,0xff,0xff,0x00,
    0xff,0xff,0x00,0xff,0xff,0x00,0xff,0xff,0x00,0xff,0xff,0x00,0xff,0xff,0x00,0xff,
    0xff,0x00,0xff,0xff,0x00,0xff,0xff,0x00,0xff,0xff,0x00,0xff,0xff,0x00,0xff,0xff,
    0x00,0xff,0xff,0x00,0xff,0xff,0x00,0xff,0xff,0x00,0xff,0xff,0x00,0xff,0xff,0x00,
    0xff,0xff,0x00,0xff,0xff,0x00,0xff,0xff,0x00,0xff,0xff,0x00,0xff,0xff,0x00,0xff,
    0xff,0x00,0xff,0xff,0x00,0xff,0xff,0x00,0xff,0xff,0x00,0xff,0xff,0x00,0xff,0xff,
    0x00,0xff,0xff,0x00,0xff,0xff,0x00,0xff,0xff,0x00,0xff,0xff,0x00,0xff,0xff,0x00,
    0xff,0xff,0x00,0xff,0xff,0x00,0xff,0xff,0x00,0xff,0xff,0x00,0xff,0xff,0x00,0xff,
    0xff,0x00,0xff,0xff,0x00,0xff,0xff,0x00,0xff,0xff,0x00,0xff,0xff,0x00,0xff,0xff,
    0x00,0xff,0xff,0x00,0xff,0xff,0x00,0xff,0xff,0x00,0xff,0xff,0x00,0xff,0xff,0x00,
    0xff,0xff,0x00,0xff,0xff,0x00,0xff,0xff,0x00,0xff,0xff,0x00,0xff,0xff,0x00,0xff,
    0xff,0x00,0xff,0xff,0x00,0xff,0xff,0x00,0xff,0xff,0x00,0xff,0xff,0x00,0xff,0xff,
    0x00,0xff,0xff,0x00,0xff,0xff,0x00,0xff,0xff,0x00,0xff,0xff,0x00,0xff,0xff,0x00,
    0xff,0xff,0x00,0xff,0xff,0x00,0xff,0xff,0x00,0xff,0xff,0x00,0xff,0xff,0x00,0xff,
    0xff,0x00,0xff,0xff,0x00,0xff,0xff,0x00,0xff,0xff,0x00,0xff,0xff,0x00,0xff,0xff,
    0x00,0xff,0xff,0x00,0xff,0xff,0x00,0xff,0xff,0x00,0xff,0xff,0x00,0xff,0xff,0x00,
    0xff,0xff,0x00,0xff,0xff,0x00,0xff,0xff,0x00,0xff,0xff,0x00,0xff,0xff,0x00,0xff,
    0xff,0x00,0xff,0xff,0x00,0xff,0xff,0x00,0xff,0xff,0x00,0xff,0xff,0x00,0xff,0xff,
    0x00,0xff,0xff,0x00,0xff,0xff,0x00,0xff,0xff,0x00,0xff,0xff,0x00,0xff,0xff,0x00,
    0xff,0xff,0x00,0xff,0xff,0x00,0xff,0xff,0x00,0xff,0xff,0x00,0xff,0xff,0x00,0xff,
    0xff,0x00,0xff,0xff,0x00,0xff,0xff,0x00,0xff,0xff,0x00,0xff,0xff,0x00,0xff,0xff,
    0x00,0xff,0xff,0x00,0xff,0xff,0x00,0xff,0xff,0x00,0xff,0xff,0x00,0xff,0xff,0x00,
    0xff,0xff,0x00,0xff,0xff,0x00,0xff,0xff,0x00,0xff,0xff,0x00,0xff,0xff,0x00,0xff,
    0xff,0x00,0xff,0xff,0x00,0xff,0xff,0x00,0xff,0xff,0x00,0xff,0xff,0x00,0xff,0xff,
    0x00,0xff,0xff,0x00,0xff,0xff,0x00,0xff,0xff,0x00,0xff,0xff,0x00,0xff,0xff,0x00,
    0xff,0xff,0x00,0xff,0xff,0x00,0xff,0xff,0x00,0xff,0xff,0x00,0xff,0xff,0x00,0xff,
    0xff,0x00,0xff,0xff,0x00,0xff,0xff,0x00,0xff,0xff,0x00,0x03,0xe0,0x90,0x03,0xe0,
    0xff,0x03,0xe0,0xff,0x03,0xe0,0xff,0x03,0xe0,0xff,0x03,0xe0,0xff,0x03,0xe0,0xff,
    0x03,0xe0,0xff,0x03,0xe0,0xff,0x03,0xe0,0xff,0x03,0xe0,0xa0,0xff,0xff,0x00,0xff,
    0xff,0x00,0xff,0xff,0x00,0xff,0xff,0x00,0xff,0xff,0x00,0xff,0xff,0x00,0xff,0xff,
    0x00,0xff,0xff,0x00,0xff,0xff,0x00,0xff,0xff,0x00,0xff,0xff,0x00,0xff,0xff,0x00,
    0xff,0xff,0x00,0xff,0xff,0x00,0xff,0xff,0x00,0xff,0xff,0x00,0xff,0xff,0x00,0xff,
    0xff,0x00,0xff,0xff,0x00,0xff,0xff,0x00,0xff,0xff,0x00,0xff,0xff,0x00,0xff,0xff,
    0x00,0xff,0xff,0x00,0xff,0xff,0x00,0xff,0xff,0x00,0xff,0xff,0x00,0xff,0xff,0x00,
    0xff,0xff,0x00,0xff,0xff,0x00,0xff,0xff,0x00,0xff,0xff,0x00,0xff,0xff,0x00,0xff,
    0xff,0x00,0xff,0xff,0x00,0xff,0xff,0x00,0xff,0xff,0x00,0xff,0xff,0x00,0xff,0xff,
    0x00,0xff,0xff,0x00,0xff,0xff,0x00,0xff,0xff,0x00,0xff,0xff,0x00,0xff,0xff,0x00,
    0xff,0xff,0x00,0xff,0xff,0x00,0xff,0xff,0x00,0xff,0xff,0x00,0xff,0xff,0x00,0xff,
    0xff,0x00,0xff,0xff,0x00,0xff,0xff,0x00,0xff,0xff,0x00,0xff,0xff,0x00,0xff,0xff,
    0x00,0xff,0xff,0x00,0xff,0xff,0x00,0xff,0xff,0x00,0xff,0xff,0x00,0xff,0xff,0x00,
    0xff,0xff,0x00,0xff,0xff,0x00,0xff,0xff,0x00,0xff,0xff,0x00,0xff,0xff,0x00,0xff,
    0xff,0x00,0xff,0xff,0x00,0xff,0xff,0x00,0xff,0xff,0x00,0xff,0xff,0x00,0xff,0xff,
    0x00,0xff,0xff,0x00,0xff,0xff,0x00,0xff,0xff,0x00,0xff,0xff,0x00,0xff,0xff,0x00,
    0xff,0xff,0x00,0xff,0xff,0x00,0xff,0xff,0x00,0xff,0xff,0x00,0xff,0xff,0x00,0xff,
    0xff,0x00,0xff,0xff,0x00,0xff,0xff,0x00,0xff,0xff,0x00,0xff,0xff,0x00,0xff,0xff,
    0x00,0xff,0xff,0x00,0xff,0xff,0x00,0xff,0xff,0x00,0xff,0xff,0x00,0xff,0xff,0x00,
    0xff,0xff,0x00,0xff,0xff,0x00,0xff,0xff,0x00,0xff,0xff,0x00,0xff,0xff,0x00,0xff,
    0xff,0x00,0xff,0xff,0x00,0xff,0xff,0x00,0xff,0xff,0x00,0xff,0xff,0x00,0xff,0xff,
    0x00,0xff,0xff,0x00,0xff,0xff,0x00,0xff,0xff,0x00,0xff,0xff,0x00,0xff,0xff,0x00,
    0xff,0xff,0x00,0xff,0xff,0x00,0xff,0xff,0x00,0xff,0xff,0x00,0xff,0xff,0x00,0xff,
    0xff,0x00,0xff,0xff,0x00,0xff,0xff,0x00,0xff,0xff,0x00,0xff,0xff,0x00,0xff,0xff,
    0x00,0xff,0xff,0x00,0xff,0xff,0x00,0xff,0xff,0x00,0xff,0xff,0x00,0xff,0xff,0x00,
    0xff,0xff,0x00,0xff,0xff,0x00,0xff,0xff,0x00,0x03,0xe0,0xa0,0x03,0xe0,0xff,0x03,
    0xe0,0xff,0x03,0xe0,0xff,0x03,0xe0,0xff,0x03,0xe0,0xff,0x03,0xe0,0xff,0x03,0xe0,
    0xff,0x03,0xe0,0xff,0x03,0xe0,0xff,0x03,0xe0,0xff,0x03,0xe0,0xff,0x03,0xe0,0xa0,
    0xff,0xff,0x00,0xff,0xff,0x00,0xff,0xff,0x00,0xff,0xff,0x00,0xff,0xff,0x00,0xff,
    0xff,0x00,0xff,0xff,0x00,0xff,0xff,0x00,0xff,0xff,0x00,0xff,0xff,0x00,0xff,0xff,
    0x00,0xff,0xff,0x00,0xff,0xff,0x00,0xff,0xff,0x00,0xff,0xff,0x00,0xff,0xff,0x00,
    0xff,0xff,0x00,0xff,0xff,0x00,0xff,0xff,0x00,0xff,0xff,0x00,0xff,0xff,0x00,0xff,
    0xff,0x00,0xff,0xff,0x00,0xff,0xff,0x00,0xff,0xff,0x00,0xff,0xff,0x00,0xff,0xff,
    0x00,0xff,0xff,0x00,0xff,0xff,0x00,0xff,0xff,0x00,0xff,0xff,0x00,0xff,0xff,0x00,
    0xff,0xff,0x00,0xff,0xff,0x00,0xff,0xff,0x00,0xff,0xff,0x00,0xff,0xff,0x00,0xff,
    0xff,0x00,0xff,0xff,0x00,0xff,0xff,0x00,0xff,0xff,0x00,0xff,0xff,0x00,0xff,0xff,
    0x00,0xff,0xff,0x00,0xff,0xff,0x00,0xff,0xff,0x00,0xff,0xff,0x00,0xff,0xff,0x00,
    0xff,0xff,0x00,0xff,0xff,0x00,0xff,0xff,0x00,0xff,0xff,0x00,0xff,0xff,0x00,0xff,
    0xff,0x00,0xff,0xff,0x00,0xff,0xff,0x00,0xff,0xff,0x00,0xff,0xff,0x00,0xff,0xff,
    0x00,0xff,0xff,0x00,0xff,0xff,0x00,0xff,0xff,0x00,0xff,0xff,0x00,0xff,0xff,0x00,
    0xff,0xff,0x00,0xff,0xff,0x00,0xff,0xff,0x00,0xff,0xff,0x00,0xff,0xff,0x00,0xff,
    0xff,0x00,0xff,0xff,0x00,0xff,0xff,0x00,0xff,0xff,0x00,0xff,0xff,0x00,0xff,0xff,
    0x00,0xff,0xff,0x00,0xff,0xff,0x00,0xff,0xff,0x00,0xff,0xff,0x00,0xff,0xff,0x00,
    0xff,0xff,0x00,0xff,0xff,0x00,0xff,0xff,0x00,0xff,0xff,0x00,0xff,0xff,0x00,0xff,
    0xff,0x00,0xff,0xff,0x00,0xff,0xff,0x00,0xff,0xff,0x00,0xff,0xff,0x00,0xff,0xff,
    0x00,0xff,0xff,0x00,0xff,0xff,0x00,0xff,0xff,0x00,0xff,0xff,0x00,0xff,0xff,0x00,
    0xff,0xff,0x00,0xff,0xff,0x00,0xff,0xff,0x00,0xff,0xff,0x00,0xff,0xff,0x00,0xff,
    0xff,0x00,0xff,0xff,0x00,0xff,0xff,0x00,0xff,0xff,0x00,0xff,0xff,0x00,0xff,0xff,
    0x00,0xff,0xff,0x00,0xff,0xff,0x00,0xff,0xff,0x00,0xff,0xff,0x00,0xff,0xff,0x00,
    0xff,0xff,0x00,0xff,0xff,0x00,0xff,0xff,0x00,0xff,0xff,0x00,0xff,0xff,0x00,0xff,
    0xff,0x00,0xff,0xff,0x00,0xff,0xff,0x00,0xff,0xff,0x00,0xff,0xff,0x00,0xff,0xff,
    0x00,0xff,0xff,0x00,0xff,0xff,0x00,0xff,0xff,0x00,0xff,0xff,0x00,0xff,0xff,0x00,
    0xff,0xff,0x00,0xff,0xff,0x00,0xff,0xff,0x00,0xff,0xff,0x00,0xff,0xff,0x00,0xff,
    0xff,0x00,0xff,0xff,0x00,0xff,0xff,0x00,0xff,0xff,0x00,0xff,0xff,0x00,0xff,0xff,
    0x00,0xff,0xff,0x00,0xff,0xff,0x00,0xff,0xff,0x00,0xff,0xff,0x00,0xff,0xff,0x00,
    0xff,0xff,0x00,0xff,0xff,0x00,0xff,0xff,0x00,0xff,0xff,0x00,0x03,0xe0,0xa0,0x03,
    0xe0,0xff,0x03,0xe0,0xff,0x03,0xe0,0xff,0x03,0xe0,0xff,0x03,0xe0,0xff,0x03,0xe0,
    0xff,0x03,0xe0,0xff,0x03,0xe0,0xff,0x03,0xe0,0xff,0x03,0xe0,0xff,0x03,0xe0,0xff,
    0x03,0xe0,0xa0,0xff,0xff,0x00,0xff,0xff,0x00,0xff,0xff,0x00,0xff,0xff,0x00,0xff,
    0xff,0x00,0xff,0xff,0x00,0xff,0xff,0x00,0xff,0xff,0x00,0xff,0xff,0x00,0xff,0xff,
    0x00,0xff,0xff,0x00,0xff,0xff,0x00,0xff,0xff,0x00,0xff,0xff,0x00,0xff,0xff,0x00,
    0xff,0xff,0x00,0xff,0xff,0x00,0xff,0xff,0x00,0xff,0xff,0x00,0xff,0xff,0x00,0xff,
    0xff,0x00,0xff,0xff,0x00,0xff,0xff,0x00,0xff,0xff,0x00,0xff,0xff,0x00,0xff,0xff,
    0x00,0xff,0xff,0x00,0xff,0xff,0x00,0xff,0xff,0x00,0xff,0xff,0x00,0xff,0xff,0x00,
    0xff,0xff,0x00,0xff,0xff,0x00,0xff,0xff,0x00,0xff,0xff,0x00,0xff,0xff,0x00,0xff,
    0xff,0x00,0xff,0xff,0x00,0xff,0xff,0x00,0xff,0xff,0x00,0xff,0xff,0x00,0xff,0xff,
    0x00,0xff,0xff,0x00,0xff,0xff,0x00,0xff,0xff,0x00,0xff,0xff,0x00,0xff,0xff,0x00,
    0xff,0xff,0x00,0xff,0xff,0x00,0xff,0xff,0x00,0xff,0xff,0x00,0xff,0xff,0x00,0xff,
    0xff,0x00,0xff,0xff,0x00,0xff,0xff,0x00,0xff,0xff,0x00,0xff,0xff,0x00,0xff,0xff,
    0x00,0xff,0xff,0x00,0xff,0xff,0x00,0xff,0xff,0x00,0xff,0xff,0x00,0xff,0xff,0x00,
    0xff,0xff,0x00,0xff,0xff,0x00,0xff,0xff,0x00,0xff,0xff,0x00,0xff,0xff,0x00,0xff,
    0xff,0x00,0xff,0xff,0x00,0xff,0xff,0x00,0xff,0xff,0x00,0xff,0xff,0x00,0xff,0xff,
    0x00,0xff,0xff,0x00,0xff,0xff,0x00,0xff,0xff,0x00,0xff,0xff,0x00,0xff,0xff,0x00,
    0xff,0xff,0x00,0xff,0xff,0x00,0xff,0xff,0x00,0xff,0xff,0x00,0xff,0xff,0x00,0xff,
    0xff,0x00,0xff,0xff,0x00,0xff,0xff,0x00,0xff,0xff,0x00,0xff,0xff,0x00,0xff,0xff,
    0x00,0xff,0xff,0x00,0xff,0xff,0x00,0xff,0xff,0x00,0xff,0xff,0x00,0xff,0xff,0x00,
    0xff,0xff,0x00,0xff,0xff,0x00,0xff,0xff,0x00,0xff,0xff,0x00,0xff,0xff,0x00,0xff,
    0xff,0x00,0xff,0xff,0x00,0xff,0xff,0x00,0xff,0xff,0x00,0xff,0xff,0x00,0xff,0xff,
    0x00,0xff,0xff,0x00,0xff,0xff,0x00,0xff,0xff,0x00,0xff,0xff,0x00,0xff,0xff,0x00,
    0xff,0xff,0x00,0xff,0xff,0x00,0xff,0xff,0x00,0xff,0xff,0x00,0xff,0xff,0x00,0xff,
    0xff,0x00,0xff,0xff,0x00,0xff,0xff,0x00,0xff,0xff,0x00,0xff,0xff,0x00,0xff,0xff,
    0x00,0xff,0xff,0x00,0xff,0xff,0x00,0xff,0xff,0x00,0x03,0xe0,0xa0,0x03,0xe0,0xff,
    0x03,0xe0,0xff,0x03,0xe0,0xff,0x03,0xe0,0xff,0x03,0xe0,0xff,0x03,0xe0,0xff,0x03,
    0xe0,0xff,0x03,0xe0,0xff,0x03,0xe0,0xff,0x03,0xe0,0xff,0x03,0xe0,0xff,0x03,0xe0,
    0xff,0x03,0xe0,0xff,0x03,0xe0,0x70,0xff,0xff,0x00,0xff,0xff,0x00,0xff,0xff,0x00,
    0xff,0xff,0x00,0xff,0xff,0x00,0xff,0xff,0x00,0xff,0xff,0x00,0xff,0xff,0x00,0xff,
    0xff,0x00,0xff,0xff,0x00,0xff,0xff,0x00,0xff,0xff,0x00,0xff,0xff,0x00,0xff,0xff,
    0x00,0xff,0xff,0x00,0xff,0xff,0x00,0xff,0xff,0x00,0xff,0xff,0x00,0xff,0xff,0x00,
    0xff,0xff,0x00,0xff,0xff,0x00,0xff,0xff,0x00,0xff,0xff,0x00,0xff,0xff,0x00,0xff,
    0xff,0x00,0xff,0xff,0x00,0xff,0xff,0x00,0xff,0xff,0x00,0xff,0xff,0x00,0xff,0xff,
    0x00,0xff,0xff,0x00,0xff,0xff,0x00,0xff,0xff,0x00,0xff,0xff,0x00,0xff,0xff,0x00,
    0xff,0xff,0x00,0xff,0xff,0x00,0xff,0xff,0x00,0xff,0xff,0x00,0xff,0xff,0x00,0xff,
    0xff,0x00,0xff,0xff,0x00,0xff,0xff,0x00,0xff,0xff,0x00,0xff,0xff,0x00,0xff,0xff,
    0x00,0xff,0xff,0x00,0xff,0xff,0x00,0xff,0xff,0x00,0xff,0xff,0x00,0xff,0xff,0x00,
    0xff,0xff,0x00,0xff,0xff,0x00,0xff,0xff,0x00,0xff,0xff,0x00,0xff,0xff,0x00,0xff,
    0xff,0x00,0xff,0xff,0x00,0xff,0xff,0x00,0xff,0xff,0x00,0xff,0xff,0x00,0xff,0xff,
    0x00,0xff,0xff,0x00,0xff,0xff,0x00,0xff,0xff,0x00,0xff,0xff,0x00,0xff,0xff,0x00,
    0xff,0xff,0x00,0xff,0xff,0x00,0xff,0xff,0x00,0xff,0xff,0x00,0xff,0xff,0x00,0xff,
    0xff,0x00,0xff,0xff,0x00,0xff,0xff,0x00,0xff,0xff,0x00,0xff,0xff,0x00,0xff,0xff,
    0x00,0xff,0xff,0x00,0xff,0xff,0x00,0xff,0xff,0x00,0xff,0xff,0x00,0xff,0xff,0x00,
    0xff,0xff,0x00,0xff,0xff,0x00,0xff,0xff,0x00,0xff,0xff,0x00,0xff,0xff,0x00,0xff,
    0xff,0x00,0xff,0xff,0x00,0xff,0xff,0x00,0xff,0xff,0x00,0xff,0xff,0x00,0xff,0xff,
    0x00,0xff,0xff,0x00,0xff,0xff,0x00,0xff,0xff,0x00,0xff,0xff,0x00,0xff,0xff,0x00,
    0xff,0xff,0x00,0xff,0xff,0x00,0xff,0xff,0x00,0xff,0xff,0x00,0xff,0xff,0x00,0xff,
    0xff,0x00,0xff,0xff,0x00,0xff,0xff,0x00,0xff,0xff,0x00,0xff,0xff,0x00,0xff,0xff,
    0x00,0xff,0xff,0x00,0xff,0xff,0x00,0xff,0xff,0x00,0xff,0xff,0x00,0xff,0xff,0x00,
    0xff,0xff,0x00,0xff,0xff,0x00,0xff,0xff,0x00,0xff,0xff,0x00,0xff,0xff,0x00,0xff,
    0xff,0x00,0xff,0xff,0x00,0xff,0xff,0x00,0xff,0xff,0x00,0xff,0xff,0x00,0xff,0xff,
    0x00,0xff,0xff,0x00,0xff,0xff,0x00,0xff,0xff,0x00,0xff,0xff,0x00,0xff,0xff,0x00,
    0xff,0xff,0x00,0xff,0xff,0x00,0xff,0xff,0x00,0xff,0xff,0x00,0xff,0xff,0x00,0xff,
    0xff,0x00,0xff,0xff,0x00,0xff,0xff,0x00,0xff,0xff,0x00,0xff,0xff,0x00,0xff,0xff,
    0x00,0xff,0xff,0x00,0xff,0xff,0x00,0xff,0xff,0x00,0xff,0xff,0x00,0x03,0xe0,0x70,
    0x03,0xe0,0xff,0x03,0xe0,0xff,0x03,0xe0,0xff,0x03,0xe0,0xff,0x03,0xe0,0xff,0x03,
    0xe0,0xff,0x03,0xe0,0xff,0x03,0xe0,0xff,0x03,0xe0,0xff,0x03,0xe0,0xff,0x03,0xe0,
    0xff,0x03,0xe0,0xff,0x03,0xe0,0xff,0x03,0xe0,0xa0,0xff,0xff,0x00,0xff,0xff,0x00,
    0xff,0xff,0x00,0xff,0xff,0x00,0xff,0xff,0x00,0xff,0xff,0x00,0xff,0xff,0x00,0xff,
    0xff,0x00,0xff,0xff,0x00,0xff,0xff,0x00,0xff,0xff,0x00,0xff,0xff,0x00,0xff,0xff,
    0x00,0xff,0xff,0x00,0xff,0xff,0x00,0xff,0xff,0x00,0xff,0xff,0x00,0xff,0xff,0x00,
    0xff,0xff,0x00,0xff,0xff,0x00,0xff,0xff,0x00,0xff,0xff,0x00,0xff,0xff,0x00,0xff,
    0xff,0x00,0xff,0xff,0x00,0xff,0xff,0x00,0xff,0xff,0x00,0xff,0xff,0x00,0xff,0xff,
    0x00,0xff,0xff,0x00,0xff,0xff,0x00,0xff,0xff,0x00,0xff,0xff,0x00,0xff,0xff,0x00,
    0xff,0xff,0x00,0xff,0xff,0x00,0xff,0xff,0x00,0xff,0xff,0x00,0xff,0xff,0x00,0xff,
    0xff,0x00,0xff,0xff,0x00,0xff,0xff,0x00,0xff,0xff,0x00,0xff,0xff,0x00,0xff,0xff,
    0x00,0xff,0xff,0x00,0xff,0xff,0x00,0xff,0xff,0x00,0xff,0xff,0x00,0xff,0xff,0x00,
    0xff,0xff,0x00,0xff,0xff,0x00,0xff,0xff,0x00,0xff,0xff,0x00,0xff,0xff,0x00,0xff,
    0xff,0x00,0xff,0xff,0x00,0xff,0xff,0x00,0xff,0xff,0x00,0xff,0xff,0x00,0xff,0xff,
    0x00,0xff,0xff,0x00,0xff,0xff,0x00,0xff,0xff,0x00,0xff,0xff,0x00,0xff,0xff,0x00,
    0xff,0xff,0x00,0xff,0xff,0x00,0xff,0xff,0x00,0xff,0xff,0x00,0xff,0xff,0x00,0xff,
    0xff,0x00,0xff,0xff,0x00,0xff,0xff,0x00,0xff,0xff,0x00,0xff,0xff,0x00,0xff,0xff,
    0x00,0xff,0xff,0x00,0xff,0xff,0x00,0xff,0xff,0x00,0xff,0xff,0x00,0xff,0xff,0x00,
    0xff,0xff,0x00,0xff,0xff,0x00,0xff,0xff,0x00,0xff,0xff,0x00,0xff,0xff,0x00,0xff,
    0xff,0x00,0xff,0xff,0x00,0xff,0xff,0x00,0xff,0xff,0x00,0xff,0xff,0x00,0xff,0xff,
    0x00,0xff,0xff,0x00,0xff,0xff,0x00,0xff,0xff,0x00,0xff,0xff,0x00,0xff,0xff,0x00,
    0xff,0xff,0x00,0xff,0xff,0x00,0xff,0xff,0x00,0xff,0xff,0x00,0xff,0xff,0x00,0xff,
    0xff,0x00,0xff,0xff,0x00,0xff,0xff,0x00,0xff,0xff,0x00,0xff,0xff,0x00,0xff,0xff,
    0x00,0xff,0xff,0x00,0xff,0xff,0x00,0xff,0xff,0x00,0xff,0xff,0x00,0xff,0xff,0x00,
    0xff,0xff,0x00,0xff,0xff,0x00,0xff,0xff,0x00,0xff,0xff,0x00,0xff,0xff,0x00,0xff,
    0xff,0x00,0xff,0xff,0x00,0xff,0xff,0x00,0xff,0xff,0x00,0x03,0xe0,0xa0,0x03,0xe0,
    0xff,0x03,0xe0,0xff,0x03,0xe0,0xff,0x03,0xe0,0xff,0x03,0xe0,0xff,0x03,0xe0,0xff,
    0x03,0xe0,0xff,0x03,0xe0,0xff,0x03,0xe0,0xff,0x03,0xe0,0xff,0x03,0xe0,0xff,0x03,
    0xe0,0xff,0x03,0xe0,0xff,0x03,0xe0,0xff,0x03,0xe0,0xff,0x03,0xe0,0x60,0xff,0xff,
    0x00,0xff,0xff,0x00,0xff,0xff,0x00,0xff,0xff,0x00,0xff,0xff,0x00,0xff,0xff,0x00,
    0xff,0xff,0x00,0xff,0xff,0x00,0xff,0xff,0x00,0xff,0xff,0x00,0xff,0xff,0x00,0xff,
    0xff,0x00,0xff,0xff,0x00,0xff,0xff,0x00,0xff,0xff,0x00,0xff,0xff,0x00,0xff,0xff,
    0x00,0xff,0xff,0x00,0xff,0xff,0x00,0xff,0xff,0x00,0xff,0xff,0x00,0xff,0xff,0x00,
    0xff,0xff,0x00,0xff,0xff,0x00,0xff,0xff,0x00,0xff,0xff,0x00,0xff,0xff,0x00,0xff,
    0xff,0x00,0xff,0xff,0x00,0xff,0xff,0x00,0xff,0xff,0x00,0xff,0xff,0x00,0xff,0xff,
    0x00,0xff,0xff,0x00,0xff,0xff,0x00,0xff,0xff,0x00,0xff,0xff,0x00,0xff,0xff,0x00,
    0xff,0xff,0x00,0xff,0xff,0x00,0xff,0xff,0x00,0xff,0xff,0x00,0xff,0xff,0x00,0xff,
    0xff,0x00,0xff,0xff,0x00,0xff,0xff,0x00,0xff,0xff,0x00,0xff,0xff,0x00,0xff,0xff,
    0x00,0xff,0xff,0x00,0xff,0xff,0x00,0xff,0xff,0x00,0xff,0xff,0x00,0xff,0xff,0x00,
    0xff,0xff,0x00,0xff,0xff,0x00,0xff,0xff,0x00,0xff,0xff,0x00,0xff,0xff,0x00,0xff,
    0xff,0x00,0xff,0xff,0x00,0xff,0xff,0x00,0xff,0xff,0x00,0xff,0xff,0x00,0xff,0xff,
    0x00,0xff,0xff,0x00,0xff,0xff,0x00,0xff,0xff,0x00,0xff,0xff,0x00,0xff,0xff,0x00,
    0xff,0xff,0x00,0xff,0xff,0x00,0xff,0xff,0x00,0xff,0xff,0x00,0xff,0xff,0x00,0xff,
    0xff,0x00,0xff,0xff,0x00,0xff,0xff,0x00,0xff,0xff,0x00,0xff,0xff,0x00,0xff,0xff,
    0x00,0xff,0xff,0x00,0xff,0xff,0x00,0xff,0xff,0x00,0xff,0xff,0x00,0xff,0xff,0x00,
    0xff,0xff,0x00,0xff,0xff,0x00,0xff,0xff,0x00,0xff,0xff,0x00,0xff,0xff,0x00,0xff,
    0xff,0x00,0xff,0xff,0x00,0xff,0xff,0x00,0xff,0xff,0x00,0xff,0xff,0x00,0xff,0xff,
    0x00,0xff,0xff,0x00,0xff,0xff,0x00,0xff,0xff,0x00,0xff,0xff,0x00,0xff,0xff,0x00,
    0xff,0xff,0x00,0xff,0xff,0x00,0xff,0xff,0x00,0xff,0xff,0x00,0xff,0xff,0x00,0xff,
    0xff,0x00,0xff,0xff,0x00,0xff,0xff,0x00,0xff,0xff,0x00,0xff,0xff,0x00,0xff,0xff,
    0x00,0xff,0xff,0x00,0xff,0xff,0x00,0xff,0xff,0x00,0xff,0xff,0x00,0xff,0xff,0x00,
    0xff,0xff,0x00,0xff,0xff,0x00,0xff,0xff,0x00,0xff,0xff,0x00,0xff,0xff,0x00,0xff,
    0xff,0x00,0xff,0xff,0x00,0xff,0xff,0x00,0xff,0xff,0x00,0xff,0xff,0x00,0xff,0xff,
    0x00,0xff,0xff,0x00,0xff,0xff,0x00,0xff,0xff,0x00,0xff,0xff,0x00,0xff,0xff,0x00,
    0xff,0xff,0x00,0xff,0xff,0x00,0xff,0xff,0x00,0xff,0xff,0x00,0xff,0xff,0x00,0xff,
    0xff,0x00,0xff,0xff,0x00,0xff,0xff,0x00,0xff,0xff,0x00,0xff,0xff,0x00,0x03,0xe0,
    0x60,0x03,0xe0,0xff,0x03,0xe0,0xff,0x03,0xe0,0xff,0x03,0xe0,0xff,0x03,0xe0,0xff,
    0x03,0xe0,0xff,0x03,0xe0,0xff,0x03,0xe0,0xff,0x03,0xe0,0xff,0x03,0xe0,0xff,0x03,
    0xe0,0xff,0x03,0xe0,0xff,0x03,0xe0,0xff,0x03,0xe0,0xff,0x03,0xe0,0xff,0x03,0xe0,
    0xa0,0xff,0xff,0x00,0xff,0xff,0x00,0xff,0xff,0x00,0xff,0xff,0x00,0xff,0xff,0x00,
    0xff,0xff,0x00,0xff,0xff,0x00,0xff,0xff,0x00,0xff,0xff,0x00,0xff,0xff,0x00,0xff,
    0xff,0x00,0xff,0xff,0x00,0xff,0xff,0x00,0xff,0xff,0x00,0xff,0xff,0x00,0xff,0xff,
    0x00,0xff,0xff,0x00,0xff,0xff,0x00,0xff,0xff,0x00,0xff,0xff,0x00,0xff,0xff,0x00,
    0xff,0xff,0x00,0xff,0xff,0x00,0xff,0xff,0x00,0xff,0xff,0x00,0xff,0xff,0x00,0xff,
    0xff,0x00,0xff,0xff,0x00,0xff,0xff,0x00,0xff,0xff,0x00,0xff,0xff,0x00,0xff,0xff,
    0x00,0xff,0xff,0x00,0xff,0xff,0x00,0xff,0xff,0x00,0xff,0xff,0x00,0xff,0xff,0x00,
    0xff,0xff,0x00,0xff,0xff,0x00,0xff,0xff,0x00,0xff,0xff,0x00,0xff,0xff,0x00,0xff,
    0xff,0x00,0xff,0xff,0x00,0xff,0xff,0x00,0xff,0xff,0x00,0xff,0xff,0x00,0xff,0xff,
    0x00,0xff,0xff,0x00,0xff,0xff,0x00,0xff,0xff,0x00,0xff,0xff,0x00,0xff,0xff,0x00,
    0xff,0xff,0x00,0xff,0xff,0x00,0xff,0xff,0x00,0xff,0xff,0x00,0xff,0xff,0x00,0xff,
    0xff,0x00,0xff,0xff,0x00,0xff,0xff,0x00,0xff,0xff,0x00,0xff,0xff,0x00,0xff,0xff,
    0x00,0xff,0xff,0x00,0xff,0xff,0x00,0xff,0xff,0x00,0xff,0xff,0x00,0xff,0xff,0x00,
    0xff,0xff,0x00,0xff,0xff,0x00,0xff,0xff,0x00,0xff,0xff,0x00,0xff,0xff,0x00,0xff,
    0xff,0x00,0xff,0xff,0x00,0xff,0xff,0x00,0xff,0xff,0x00,0xff,0xff,0x00,0xff,0xff,
    0x00,0xff,0xff,0x00,0xff,0xff,0x00,0xff,0xff,0x00,0xff,0xff,0x00,0xff,0xff,0x00,
    0xff,0xff,0x00,0xff,0xff,0x00,0xff,0xff,0x00,0xff,0xff,0x00,0xff,0xff,0x00,0xff,
    0xff,0x00,0xff,0xff,0x00,0xff,0xff,0x00,0xff,0xff,0x00,0xff,0xff,0x00,0xff,0xff,
    0x00,0xff,0xff,0x00,0xff,0xff,0x00,0xff,0xff,0x00,0xff,0xff,0x00,0xff,0xff,0x00,
    0xff,0xff,0x00,0xff,0xff,0x00,0xff,0xff,0x00,0xff,0xff,0x00,0xff,0xff,0x00,0xff,
    0xff,0x00,0xff,0xff,0x00,0xff,0xff,0x00,0xff,0xff,0x00,0xff,0xff,0x00,0xff,0xff,
    0x00,0xff,0xff,0x00,0xff,0xff,0x00,0xff,0xff,0x00,0xff,0xff,0x00,0xff,0xff,0x00,
    0xff,0xff,0x00,0xff,0xff,0x00,0xff,0xff,0x00,0xff,0xff,0x00,0x03,0xe0,0x60,0x03,
    0xe0,0xff,0x03,0xe0,0xff,0x03,0xe0,0xff,0x03,0xe0,0xff,0x03,0xe0,0xff,0x03,0xe0,
    0xff,0x03,0xe0,0xff,0x03,0xe0,0xff,0x03,0xe0,0xff,0x03,0xe0,0xff,0x03,0xe0,0xff,
    0x03,0xe0,0xff,0x03,0xe0,0xff,0x03,0xe0,0xff,0x03,0xe0,0xff,0x03,0xe0,0xff,0x03,
    0xe0,0xff,0x03,0xe0,0x60,0xff,0xff,0x00,0xff,0xff,0x00,0xff,0xff,0x00,0xff,0xff,
    0x00,0xff,0xff,0x00,0xff,0xff,0x00,0xff,0xff,0x00,0xff,0xff,0x00,0xff,0xff,0x00,
    0xff,0xff,0x00,0xff,0xff,0x00,0xff,0xff,0x00,0xff,0xff,0x00,0xff,0xff,0x00,0xff,
    0xff,0x00,0xff,0xff,0x00,0xff,0xff,0x00,0xff,0xff,0x00,0xff,0xff,0x00,0xff,0xff,
    0x00,0xff,0xff,0x00,0xff,0xff,0x00,0xff,0xff,0x00,0xff,0xff,0x00,0xff,0xff,0x00,
    0xff,0xff,0x00,0xff,0xff,0x00,0xff,0xff,0x00,0xff,0xff,0x00,0xff,0xff,0x00,0xff,
    0xff,0x00,0xff,0xff,0x00,0xff,0xff,0x00,0xff,0xff,0x00,0xff,0xff,0x00,0xff,0xff,
    0x00,0xff,0xff,0x00,0xff,0xff,0x00,0xff,0xff,0x00,0xff,0xff,0x00,0xff,0xff,0x00,
    0xff,0xff,0x00,0xff,0xff,0x00,0xff,0xff,0x00,0xff,0xff,0x00,0xff,0xff,0x00,0xff,
    0xff,0x00,0xff,0xff,0x00,0xff,0xff,0x00,0xff,0xff,0x00,0xff,0xff,0x00,0xff,0xff,
    0x00,0xff,0xff,0x00,0xff,0xff,0x00,0xff,0xff,0x00,0xff,0xff,0x00,0xff,0xff,0x00,
    0xff,0xff,0x00,0xff,0xff,0x00,0xff,0xff,0x00,0xff,0xff,0x00,0xff,0xff,0x00,0xff,
    0xff,0x00,0xff,0xff,0x00,0xff,0xff,0x00,0xff,0xff,0x00,0xff,0xff,0x00,0xff,0xff,
    0x00,0xff,0xff,0x00,0xff,0xff,0x00,0xff,0xff,0x00,0xff,0xff,0x00,0xff,0xff,0x00,
    0xff,0xff,0x00,0xff,0xff,0x00,0xff,0xff,0x00,0xff,0xff,0x00,0xff,0xff,0x00,0xff,
    0xff,0x00,0xff,0xff,0x00,0xff,0xff,0x00,0xff,0xff,0x00,0xff,0xff,0x00,0xff,0xff,
    0x00,0xff,0xff,0x00,0xff,0xff,0x00,0xff,0xff,0x00,0xff,0xff,0x00,0xff,0xff,0x00,
    0xff,0xff,0x00,0xff,0xff,0x00,0xff,0xff,0x00,0xff,0xff,0x00,0xff,0xff,0x00,0xff,
    0xff,0x00,0xff,0xff,0x00,0xff,0xff,0x00,0xff,0xff,0x00,0xff,0xff,0x00,0xff,0xff,
    0x00,0xff,0xff,0x00,0xff,0xff,0x00,0xff,0xff,0x00,0xff,0xff,0x00,0xff,0xff,0x00,
    0xff,0xff,0x00,0xff,0xff,0x00,0xff,0xff,0x00,0xff,0xff,0x00,0xff,0xff,0x00,0xff,
    0xff,0x00,0xff,0xff,0x00,0xff,0xff,0x00,0xff,0xff,0x00,0xff,0xff,0x00,0xff,0xff,
    0x00,0xff,0xff,0x00,0xff,0xff,0x00,0xff,0xff,0x00,0xff,0xff,0x00,0xff,0xff,0x00,
    0xff,0xff,0x00,0xff,0xff,0x00,0xff,0xff,0x00,0xff,0xff,0x00,0xff,0xff,0x00,0xff,
    0xff,0x00,0xff,0xff,0x00,0xff,0xff,0x00,0xff,0xff,0x00,0xff,0xff,0x00,0xff,0xff,
    0x00,0xff,0xff,0x00,0xff,0xff,0x00,0xff,0xff,0x00,0xff,0xff,0x00,0xff,0xff,0x00,
    0xff,0xff,0x00,0xff,0xff,0x00,0xff,0xff,0x00,0xff,0xff,0x00,0xff,0xff,0x00,0x03,
    0xe0,0x60,0x03,0xe0,0xff,0x03,0xe0,0xff,0x03,0xe0,0xff,0x03,0xe0,0xff,0x03,0xe0,
    0xff,0x03,0xe0,0xff,0x03,0xe0,0xff,0x03,0xe0,0xff,0x03,0xe0,0xff,0x03,0xe0,0xff,
    0x03,0xe0,0xff,0x03,0xe0,0xff,0x03,0xe0,0xff,0x03,0xe0,0xff,0x03,0xe0,0xff,0x03,
    0xe0,0xff,0x03,0xe0,0xff,0x03,0xe0,0x60,0xff,0xff,0x00,0xff,0xff,0x00,0xff,0xff,
    0x00,0xff,0xff,0x00,0xff,0xff,0x00,0xff,0xff,0x00,0xff,0xff,0x00,0xff,0xff,0x00,
    0xff,0xff,0x00,0xff,0xff,0x00,0xff,0xff,0x00,0xff,0xff,0x00,0xff,0xff,0x00,0xff,
    0xff,0x00,0xff,0xff,0x00,0xff,0xff,0x00,0xff,0xff,0x00,0xff,0xff,0x00,0xff,0xff,
    0x00,0xff,0xff,0x00,0xff,0xff,0x00,0xff,0xff,0x00,0xff,0xff,0x00,0xff,0xff,0x00,
    0xff,0xff,0x00,0xff,0xff,0x00,0xff,0xff,0x00,0xff,0xff,0x00,0xff,0xff,0x00,0xff,
    0xff,0x00,0xff,0xff,0x00,0xff,0xff,0x00,0xff,0xff,0x00,0xff,0xff,0x00,0xff,0xff,
    0x00,0xff,0xff,0x00,0xff,0xff,0x00,0xff,0xff,0x00,0xff,0xff,0x00,0xff,0xff,0x00,
    0xff,0xff,0x00,0xff,0xff,0x00,0xff,0xff,0x00,0xff,0xff,0x00,0xff,0xff,0x00,0xff,
    0xff,0x00,0xff,0xff,0x00,0xff,0xff,0x00,0xff,0xff,0x00,0xff,0xff,0x00,0xff,0xff,
    0x00,0xff,0xff,0x00,0xff,0xff,0x00,0xff,0xff,0x00,0xff,0xff,0x00,0xff,0xff,0x00,
    0xff,0xff,0x00,0xff,0xff,0x00,0xff,0xff,0x00,0xff,0xff,0x00,0xff,0xff,0x00,0xff,
    0xff,0x00,0xff,0xff,0x00,0xff,0xff,0x00,0xff,0xff,0x00,0xff,0xff,0x00,0xff,0xff,
    0x00,0xff,0xff,0x00,0xff,0xff,0x00,0xff,0xff,0x00,0xff,0xff,0x00,0xff,0xff,0x00,
    0xff,0xff,0x00,0xff,0xff,0x00,0xff,0xff,0x00,0xff,0xff,0x00,0xff,0xff,0x00,0xff,
    0xff,0x00,0xff,0xff,0x00,0xff,0xff,0x00,0xff,0xff,0x00,0xff,0xff,0x00,0xff,0xff,
    0x00,0xff,0xff,0x00,0xff,0xff,0x00,0xff,0xff,0x00,0xff,0xff,0x00,0xff,0xff,0x00,
    0xff,0xff,0x00,0xff,0xff,0x00,0xff,0xff,0x00,0xff,0xff,0x00,0xff,0xff,0x00,0xff,
    0xff,0x00,0xff,0xff,0x00,0xff,0xff,0x00,0xff,0xff,0x00,0xff,0xff,0x00,0xff,0xff,
    0x00,0xff,0xff,0x00,0xff,0xff,0x00,0xff,0xff,0x00,0xff,0xff,0x00,0xff,0xff,0x00,
    0xff,0xff,0x00,0xff,0xff,0x00,0xff,0xff,0x00,0xff,0xff,0x00,0xff,0xff,0x00,0xff,
    0xff,0x00,0xff,0xff,0x00,0xff,0xff,0x00,0xff,0xff,0x00,0xff,0xff,0x00,0xff,0xff,
    0x00,0xff,0xff,0x00,0xff,0xff,0x00,0xff,0xff,0x00,0xff,0xff,0x00,0x03,0xe0,0x60,
    0x03,0xe0,0xff,0x03,0xe0,0xff,0x03,0xe0,0xff,0x03,0xe0,0xff,0x03,0xe0,0xff,0x03,
    0xe0,0xff,0x03,0xe0,0xff,0x03,0xe0,0xff,0x03,0xe0,0xff,0x03,0xe0,0xff,0x03,0xe0,
    0xff,0x03,0xe0,0xff,0x03,0xe0,0xff,0x03,0xe0,0xff,0x03,0xe0,0xff,0x03,0xe0,0xff,
    0x03,0xe0,0xff,0x03,0xe0,0xff,0x03,0xe0,0xff,0x03,0xe0,0x40,0xff,0xff,0x00,0xff,
    0xff,0x00,0xff,0xff,0x00,0xff,0xff,0x00,0xff,0xff,0x00,0xff,0xff,0x00,0xff,0xff,
    0x00,0xff,0xff,0x00,0xff,0xff,0x00,0xff,0xff,0x00,0xff,0xff,0x00,0xff,0xff,0x00,
    0xff,0xff,0x00,0xff,0xff,0x00,0xff,0xff,0x00,0xff,0xff,0x00,0xff,0xff,0x00,0xff,
    0xff,0x00,0xff,0xff,0x00,0xff,0xff,0x00,0xff,0xff,0x00,0xff,0xff,0x00,0xff,0xff,
    0x00,0xff,0xff,0x00,0xff,0xff,0x00,0xff,0xff,0x00,0xff,0xff,0x00,0xff,0xff,0x00,
    0xff,0xff,0x00,0xff,0xff,0x00,0xff,0xff,0x00,0xff,0xff,0x00,0xff,0xff,0x00,0xff,
    0xff,0x00,0xff,0xff,0x00,0xff,0xff,0x00,0xff,0xff,0x00,0xff,0xff,0x00,0xff,0xff,
    0x00,0xff,0xff,0x00,0xff,0xff,0x00,0xff,0xff,0x00,0xff,0xff,0x00,0xff,0xff,0x00,
    0xff,0xff,0x00,0xff,0xff,0x00,0xff,0xff,0x00,0xff,0xff,0x00,0xff,0xff,0x00,0xff,
    0xff,0x00,0xff,0xff,0x00,0xff,0xff,0x00,0xff,0xff,0x00,0xff,0xff,0x00,0xff,0xff,
    0x00,0xff,0xff,0x00,0xff,0xff,0x00,0xff,0xff,0x00,0xff,0xff,0x00,0xff,0xff,0x00,
    0xff,0xff,0x00,0xff,0xff,0x00,0xff,0xff,0x00,0xff,0xff,0x00,0xff,0xff,0x00,0xff,
    0xff,0x00,0xff,0xff,0x00,0xff,0xff,0x00,0xff,0xff,0x00,0xff,0xff,0x00,0xff,0xff,
    0x00,0xff,0xff,0x00,0xff,0xff,0x00,0xff,0xff,0x00,0xff,0xff,0x00,0xff,0xff,0x00,
    0xff,0xff,0x00,0xff,0xff,0x00,0xff,0xff,0x00,0xff,0xff,0x00,0xff,0xff,0x00,0xff,
    0xff,0x00,0xff,0xff,0x00,0xff,0xff,0x00,0xff,0xff,0x00,0xff,0xff,0x00,0xff,0xff,
    0x00,0xff,0xff,0x00,0xff,0xff,0x00,0xff,0xff,0x00,0xff,0xff,0x00,0xff,0xff,0x00,
    0xff,0xff,0x00,0xff,0xff,0x00,0xff,0xff,0x00,0xff,0xff,0x00,0xff,0xff,0x00,0xff,
    0xff,0x00,0xff,0xff,0x00,0xff,0xff,0x00,0xff,0xff,0x00,0xff,0xff,0x00,0xff,0xff,
    0x00,0xff,0xff,0x00,0xff,0xff,0x00,0xff,0xff,0x00,0xff,0xff,0x00,0xff,0xff,0x00,
    0xff,0xff,0x00,0xff,0xff,0x00,0xff,0xff,0x00,0xff,0xff,0x00,0xff,0xff,0x00,0xff,
    0xff,0x00,0xff,0xff,0x00,0xff,0xff,0x00,0xff,0xff,0x00,0xff,0xff,0x00,0xff,0xff,
    0x00,0xff,0xff,0x00,0xff,0xff,0x00,0xff,0xff,0x00,0xff,0xff,0x00,0xff,0xff,0x00,
    0xff,0xff,0x00,0xff,0xff,0x00,0xff,0xff,0x00,0xff,0xff,0x00,0xff,0xff,0x00,0xff,
    0xff,0x00,0xff,0xff,0x00,0xff,0xff,0x00,0xff,0xff,0x00,0xff,0xff,0x00,0xff,0xff,
    0x00,0xff,0xff,0x00,0xff,0xff,0x00,0xff,0xff,0x00,0xff,0xff,0x00,0xff,0xff,0x00,
    0x03,0xe0,0x40,0x03,0xe0,0xff,0x03,0xe0,0xff,0x03,0xe0,0xff,0x03,0xe0,0xff,0x03,
    0xe0,0xff,0x03,0xe0,0xff,0x03,0xe0,0xff,0x03,0xe0,0xff,0x03,0xe0,0xff,0x03,0xe0,
    0xff,0x03,0xe0,0xff,0x03,0xe0,0xff,0x03,0xe0,0xff,0x03,0xe0,0xff,0x03,0xe0,0xff,
    0x03,0xe0,0xff,0x03,0xe0,0xff,0x03,0xe0,0xff,0x03,0xe0,0xff,0x03,0xe0,0x60,0xff,
    0xff,0x00,0xff,0xff,0x00,0xff,0xff,0x00,0xff,0xff,0x00,0xff,0xff,0x00,0xff,0xff,
    0x00,0xff,0xff,0x00,0xff,0xff,0x00,0xff,0xff,0x00,0xff,0xff,0x00,0xff,0xff,0x00,
    0xff,0xff,0x00,0xff,0xff,0x00,0xff,0xff,0x00,0xff,0xff,0x00,0xff,0xff,0x00,0xff,
    0xff,0x00,0xff,0xff,0x00,0xff,0xff,0x00,0xff,0xff,0x00,0xff,0xff,0x00,0xff,0xff,
    0x00,0xff,0xff,0x00,0xff,0xff,0x00,0xff,0xff,0x00,0xff,0xff,0x00,0xff,0xff,0x00,
    0xff,0xff,0x00,0xff,0xff,0x00,0xff,0xff,0x00,0xff,0xff,0x00,0xff,0xff,0x00,0xff,
    0xff,0x00,0xff,0xff,0x00,0xff,0xff,0x00,0xff,0xff,0x00,0xff,0xff,0x00,0xff,0xff,
    0x00,0xff,0xff,0x00,0xff,0xff,0x00,0xff,0xff,0x00,0xff,0xff,0x00,0xff,0xff,0x00,
    0xff,0xff,0x00,0xff,0xff,0x00,0xff,0xff,0x00,0xff,0xff,0x00,0xff,0xff,0x00,0xff,
    0xff,0x00,0xff,0xff,0x00,0xff,0xff,0x00,0xff,0xff,0x00,0xff,0xff,0x00,0xff,0xff,
    0x00,0xff,0xff,0x00,0xff,0xff,0x00,0xff,0xff,0x00,0xff,0xff,0x00,0xff,0xff,0x00,
    0xff,0xff,0x00,0xff,0xff,0x00,0xff,0xff,0x00,0xff,0xff,0x00,0xff,0xff,0x00,0xff,
    0xff,0x00,0xff,0xff,0x00,0xff,0xff,0x00,0xff,0xff,0x00,0xff,0xff,0x00,0x03,0xe0,
    0x20,0x03,0xe0,0x70,0x03,0xe0,0xa0,0x03,0xe0,0xc0,0x03,0xe0,0xc0,0x03,0xe0,0xc0,
    0x03,0xe0,0xc0,0x03,0xe0,0xc0,0x03,0xe0,0xc0,0x03,0xe0,0xc0,0x03,0xe0,0xc0,0x03,
    0xe0,0xc0,0x03,0xe0,0xc0,0x03,0xe0,0xc0,0x03,0xe0,0xc0,0x03,0xe0,0xc0,0x03,0xe0,
    0xc0,0x03,0xe0,0xc0,0x03,0xe0,0xc0,0x03,0xe0,0xc0,0x03,0xe0,0xc0,0x03,0xe0,0xc0,
    0x03,0xe0,0xc0,0x03,0xe0,0xc0,0x03,0xe0,0xc0,0x03,0xe0,0xc0,0x03,0xe0,0xc0,0x03,
    0xe0,0xc0,0x03,0xe0,0xc0,0x03,0xe0,0xc0,0x03,0xe0,0xc0,0x03,0xe0,0xc0,0x03,0xe0,
    0xc0,0x03,0xe0,0xc0,0x03,0xe0,0xc0,0x03,0xe0,0xc0,0x03,0xe0,0xc0,0x03,0xe0,0xc0,
    0x03,0xe0,0xc0,0x03,0xe0,0xc0,0x03,0xe0,0xc0,0x03,0xe0,0xc0,0x03,0xe0,0xc0,0x03,
    0xe0,0xc0,0x03,0xe0,0xc0,0x03,0xe0,0xc0,0x03,0xe0,0xc0,0x03,0xe0,0xc0,0x03,0xe0,
    0xd8,0x03,0xe0,0xff,0x03,0xe0,0xff,0x03,0xe0,0xff,0x03,0xe0,0xff,0x03,0xe0,0xff,
    0x03,0xe0,0xff,0x03,0xe0,0xff,0x03,0xe0,0xff,0x03,0xe0,0xff,0x03,0xe0,0xff,0x03,
    0xe0,0xff,0x03,0xe0,0xff,0x03,0xe0,0xff,0x03,0xe0,0xff,0x03,0xe0,0xff,0x03,0xe0,
    0xff,0x03,0xe0,0xff,0x03,0xe0,0xff,0x03,0xe0,0xff,0x03,0xe0,0xff,0x03,0xe0,0xfb,
    0x03,0xe0,0xcc,0x03,0xe0,0xc0,0x03,0xe0,0xc0,0x03,0xe0,0xc0,0x03,0xe0,0xc0,0x03,
    0xe0,0xc0,0x03,0xe0,0xc0,0x03,0xe0,0xc0,0x03,0xe0,0xc0,0x03,0xe0,0xc0,0x03,0xe0,
    0xc0,0x03,0xe0,0xc0,0x03,0xe0,0xc0,0x03,0xe0,0xc0,0x03,0xe0,0xc0,0x03,0xe0,0xc0,
    0x03,0xe0,0xc0,0x03,0xe0,0xc0,0x03,0xe0,0xc0,0x03,0xe0,0xc0,0x03,0xe0,0xc0,0x03,
    0xe0,0xc0,0x03,0xe0,0xc0,0x03,0xe0,0xc0,0x03,0xe0,0xc0,0x03,0xe0,0xc0,0x03,0xe0,
    0xc0,0x03,0xe0,0xc0,0x03,0xe0,0xc0,0x03,0xe0,0xc0,0x03,0xe0,0xc0,0x03,0xe0,0xc0,
    0x03,0xe0,0xc0,0x03,0xe0,0xc0,0x03,0xe0,0xc0,0x03,0xe0,0xc0,0x03,0xe0,0xc0,0x03,
    0xe0,0xc0,0x03,0xe0,0xc0,0x03,0xe0,0xc0,0x03,0xe0,0xc0,0x03,0xe0,0xc0,0x03,0xe0,
    0xc0,0x03,0xe0,0xc0,0x03,0xe0,0xc0,0x03,0xe0,0xc0,0x03,0xe0,0xc0,0x03,0xe0,0xc0,
    0x03,0xe0,0xc0,0x03,0xe0,0xc0,0x03,0xe0,0xc0,0x03,0xe0,0xc0,0x03,0xe0,0xc0,0x03,
    0xe0,0xc0,0x03,0xe0,0xc0,0x03,0xe0,0xc0,0x03,0xe0,0xc0,0x03,0xe0,0xc0,0x03,0xe0,
    0xc0,0x03,0xe0,0xc0,0x03,0xe0,0xc0,0x03,0xe0,0xc0,0x03,0xe0,0xc0,0x03,0xe0,0xc0,
    0x03,0xe0,0xc0,0x03,0xe0,0xc0,0x03,0xe0,0xc0,0x03,0xe0,0xc0,0x03,0xe0,0xc0,0x03,
    0xe0,0xc0,0x03,0xe0,0xc0,0x03,0xe0,0xc0,0x03,0xe0,0xc0,0x03,0xe0,0xc0,0x03,0xe0,
    0xc0,0x03,0xe0,0xc0,0x03,0xe0,0xc0,0x03,0xe0,0xc0,0x03,0xe0,0xc0,0x03,0xe0,0xc0,
    0x03,0xe0,0xc0,0x03,0xe0,0xc0,0x03,0xe0,0xc0,0x03,0xe0,0xc0,0x03,0xe0,0xc0,0x03,
    0xe0,0xc0,0x03,0xe0,0xc0,0x03,0xe0,0xc0,0x03,0xe0,0xc0,0x03,0xe0,0xc0,0x03,0xe0,
    0xc0,0x03,0xe0,0xc0,0x03,0xe0,0xc0,0x03,0xe0,0xc0,0x03,0xe0,0xc0,0x03,0xe0,0xc0,
    0x03,0xe0,0xc0,0x03,0xe0,0xc0,0x03,0xe0,0xc0,0x03,0xe0,0xc0,0x03,0xe0,0xc0,0x03,
    0xe0,0xc0,0x03,0xe0,0xc0,0x03,0xe0,0xc0,0x03,0xe0,0xc0,0x03,0xe0,0xc0,0x03,0xe0,
    0xc0,0x03,0xe0,0xc0,0x03,0xe0,0xc0,0x03,0xe0,0xc0,0x03,0xe0,0xc0,0x03,0xe0,0xc0,
    0x03,0xe0,0xc0,0x03,0xe0,0xc0,0x03,0xe0,0xc0,0x03,0xe0,0xc0,0x03,0xe0,0xc0,0x03,
    0xe0,0xc0,0x03,0xe0,0xc0,0x03,0xe0,0xc0,0x03,0xe0,0xc0,0x03,0xe0,0xc0,0x03,0xe0,
    0xc0,0x03,0xe0,0xc0,0x03,0xe0,0xc0,0x03,0xe0,0xc0,0x03,0xe0,0xc0,0x03,0xe0,0xc0,
    0x03,0xe0,0xc0,0x03,0xe0,0xc0,0x03,0xe0,0xc0,0x03,0xe0,0xc0,0x03,0xe0,0xc0,0x03,
    0xe0,0xc0,0x03,0xe0,0xc0,0x03,0xe0,0xc0,0x03,0xe0,0xc0,0x03,0xe0,0xc0,0x03,0xe0,
    0xc0,0x03,0xe0,0xcc,0x03,0xe0,0xfb,0x03,0xe0,0xff,0x03,0xe0,0xff,0x03,0xe0,0xff,
    0x03,0xe0,0xff,0x03,0xe0,0xff,0x03,0xe0,0xff,0x03,0xe0,0xff,0x03,0xe0,0xff,0x03,
    0xe0,0xff,0x03,0xe0,0xff,0x03,0xe0,0xff,0x03,0xe0,0xff,0x03,0xe0,0xff,0x03,0xe0,
    0xff,0x03,0xe0,0xff,0x03,0xe0,0xff,0x03,0xe0,0xff,0x03,0xe0,0xff,0x03,0xe0,0xff,
    0x03,0xe0,0xff,0x03,0xe0,0xd8,0x03,0xe0,0xc0,0x03,0xe0,0xc0,0x03,0xe0,0xc0,0x03,
    0xe0,0xc0,0x03,0xe0,0xc0,0x03,0xe0,0xc0,0x03,0xe0,0xc0,0x03,0xe0,0xc0,0x03,0xe0,
    0xc0,0x03,0xe0,0xc0,0x03,0xe0,0xc0,0x03,0xe0,0xc0,0x03,0xe0,0xc0,0x03,0xe0,0xc0,
    0x03,0xe0,0xc0,0x03,0xe0,0xc0,0x03,0xe0,0xc0,0x03,0xe0,0xc0,0x03,0xe0,0xc0,0x03,
    0xe0,0xc0,0x03,0xe0,0xc0,0x03,0xe0,0xc0,0x03,0xe0,0xc0,0x03,0xe0,0xc0,0x03,0xe0,
    0xc0,0x03,0xe0,0xc0,0x03,0xe0,0xc0,0x03,0xe0,0xc0,0x03,0xe0,0xc0,0x03,0xe0,0xc0,
    0x03,0xe0,0xc0,0x03,0xe0,0xc0,0x03,0xe0,0xc0,0x03,0xe0,0xc0,0x03,0xe0,0xc0,0x03,
    0xe0,0xc0,0x03,0xe0,0xc0,0x03,0xe0,0xc0,0x03,0xe0,0xc0,0x03,0xe0,0xc0,0x03,0xe0,
    0xc0,0x03,0xe0,0xc0,0x03,0xe0,0xc0,0x03,0xe0,0xc0,0x03,0xe0,0xc0,0x03,0xe0,0xa0,
    0x03,0xe0,0x70,0x03,0xe0,0x20,0xff,0xff,0x00,0xff,0xff,0x00,0xff,0xff,0x00,0xff,
    0xff,0x00,0xff,0xff,0x00,0xff,0xff,0x00,0xff,0xff,0x00,0xff,0xff,0x00,0xff,0xff,
    0x00,0xff,0xff,0x00,0xff,0xff,0x00,0xff,0xff,0x00,0xff,0xff,0x00,0xff,0xff,0x00,
    0xff,0xff,0x00,0xff,0xff,0x00,0xff,0xff,0x00,0xff,0xff,0x00,0x03,0xe0,0x60,0x03,
    0xe0,0xd0,0x03,0xe0,0xff,0x03,0xe0,0xff,0x03,0xe0,0xff,0x03,0xe0,0xff,0x03,0xe0,
    0xff,0x03,0xe0,0xff,0x03,0xe0,0xff,0x03,0xe0,0xff,0x03,0xe0,0xff,0x03,0xe0,0xff,
    0x03,0xe0,0xff,0x03,0xe0,0xff,0x03,0xe0,0xff,0x03,0xe0,0xff,0x03,0xe0,0xff,0x03,
    0xe0,0xff,0x03,0xe0,0xff,0x03,0xe0,0xff,0x03,0xe0,0xff,0x03,0xe0,0xff,0x03,0xe0,
    0xff,0x03,0xe0,0xff,0x03,0xe0,0xff,0x03,0xe0,0xff,0x03,0xe0,0xff,0x03,0xe0,0xff,
    0x03,0xe0,0xff,0x03,0xe0,0xff,0x03,0xe0,0xff,0x03,0xe0,0xff,0x03,0xe0,0xff,0x03,
    0xe0,0xff,0x03,0xe0,0xff,0x03,0xe0,0xff,0x03,0xe0,0xff,0x03,0xe0,0xff,0x03,0xe0,
    0xff,0x03,0xe0,0xff,0x03,0xe0,0xff,0x03,0xe0,0xff,0x03,0xe0,0xff,0x03,0xe0,0xff,
    0x03,0xe0,0xff,0x03,0xe0,0xff,0x03,0xe0,0xff,0x03,0xe0,0xff,0x03,0xe0,0xff,0x03,
    0xe0,0xff,0x03,0xe0,0xff,0x03,0xe0,0xff,0x03,0xe0,0xff,0x03,0xe0,0xff,0x03,0xe0,
    0xff,0x03,0xe0,0xff,0x03,0xe0,0xff,0x03,0xe0,0xff,0x03,0xe0,0xff,0x03,0xe0,0xff,
    0x03,0xe0,0xff,0x03,0xe0,0xff,0x03,0xe0,0xff,0x03,0xe0,0xff,0x03,0xe0,0xff,0x03,
    0xe0,0xff,0x03,0xe0,0xff,0x03,0xe0,0xff,0x03,0xe0,0xff,0x03,0xe0,0xff,0x03,0xe0,
    0xff,0x03,0xe0,0xff,0x03,0xe0,0xff,0x03,0xe0,0xff,0x03,0xe0,0xff,0x03,0xe0,0xff,
    0x03,0xe0,0xff,0x03,0xe0,0xff,0x03,0xe0,0xff,0x03,0xe0,0xff,0x03,0xe0,0xff,0x03,
    0xe0,0xff,0x03,0xe0,0xff,0x03,0xe0,0xff,0x03,0xe0,0xff,0x03,0xe0,0xff,0x03,0xe0,
    0xff,0x03,0xe0,0xff,0x03,0xe0,0xff,0x03,0xe0,0xff,0x03,0xe0,0xff,0x03,0xe0,0xff,
    0x03,0xe0,0xff,0x03,0xe0,0xff,0x03,0xe0,0xff,0x03,0xe0,0xff,0x03,0xe0,0xff,0x03,
    0xe0,0xff,0x03,0xe0,0xff,0x03,0xe0,0xff,0x03,0xe0,0xff,0x03,0xe0,0xff,0x03,0xe0,
    0xff,0x03,0xe0,0xff,0x03,0xe0,0xff,0x03,0xe0,0xff,0x03,0xe0,0xff,0x03,0xe0,0xff,
    0x03,0xe0,0xff,0x03,0xe0,0xff,0x03,0xe0,0xff,0x03,0xe0,0xff,0x03,0xe0,0xff,0x03,
    0xe0,0xff,0x03,0xe0,0xff,0x03,0xe0,0xff,0x03,0xe0,0xff,0x03,0xe0,0xff,0x03,0xe0,
    0xff,0x03,0xe0,0xff,0x03,0xe0,0xff,0x03,0xe0,0xff,0x03,0xe0,0xff,0x03,0xe0,0xff,
    0x03,0xe0,0xff,0x03,0xe0,0xff,0x03,0xe0,0xff,0x03,0xe0,0xff,0x03,0xe0,0xff,0x03,
    0xe0,0xff,0x03,0xe0,0xff,0x03,0xe0,0xff,0x03,0xe0,0xff,0x03,0xe0,0xff,0x03,0xe0,
    0xff,0x03,0xe0,0xff,0x03,0xe0,0xff,0x03,0xe0,0xff,0x03,0xe0,0xff,0x03,0xe0,0xff,
    0x03,0xe0,0xff,0x03,0xe0,0xff,0x03,0xe0,0xff,0x03,0xe0,0xff,0x03,0xe0,0xff,0x03,
    0xe0,0xff,0x03,0xe0,0xff,0x03,0xe0,0xff,0x03,0xe0,0xff,0x03,0xe0,0xff,0x03,0xe0,
    0xff,0x03,0xe0,0xff,0x03,0xe0,0xff,0x03,0xe0,0xff,0x03,0xe0,0xff,0x03,0xe0,0xff,
    0x03,0xe0,0xff,0x03,0xe0,0xff,0x03,0xe0,0xff,0x03,0xe0,0xff,0x03,0xe0,0xff,0x03,
    0xe0,0xff,0x03,0xe0,0xff,0x03,0xe0,0xff,0x03,0xe0,0xff,0x03,0xe0,0xff,0x03,0xe0,
    0xff,0x03,0xe0,0xff,0x03,0xe0,0xff,0x03,0xe0,0xff,0x03,0xe0,0xff,0x03,0xe0,0xff,
    0x03,0xe0,0xff,0x03,0xe0,0xff,0x03,0xe0,0xff,0x03,0xe0,0xff,0x03,0xe0,0xff,0x03,
    0xe0,0xff,0x03,0xe0,0xff,0x03,0xe0,0xff,0x03,0xe0,0xff,0x03,0xe0,0xff,0x03,0xe0,
    0xff,0x03,0xe0,0xff,0x03,0xe0,0xff,0x03,0xe0,0xff,0x03,0xe0,0xff,0x03,0xe0,0xff,
    0x03,0xe0,0xff,0x03,0xe0,0xff,0x03,0xe0,0xff,0x03,0xe0,0xff,0x03,0xe0,0xff,0x03,
    0xe0,0xff,0x03,0xe0,0xff,0x03,0xe0,0xff,0x03,0xe0,0xff,0x03,0xe0,0xff,0x03,0xe0,
    0xff,0x03,0xe0,0xff,0x03,0xe0,0xff,0x03,0xe0,0xff,0x03,0xe0,0xff,0x03,0xe0,0xff,
    0x03,0xe0,0xff,0x03,0xe0,0xff,0x03,0xe0,0xff,0x03,0xe0,0xff,0x03,0xe0,0xff,0x03,
    0xe0,0xff,0x03,0xe0,0xff,0x03,0xe0,0xff,0x03,0xe0,0xff,0x03,0xe0,0xff,0x03,0xe0,
    0xff,0x03,0xe0,0xff,0x03,0xe0,0xff,0x03,0xe0,0xff,0x03,0xe0,0xff,0x03,0xe0,0xff,
    0x03,0xe0,0xff,0x03,0xe0,0xff,0x03,0xe0,0xff,0x03,0xe0,0xff,0x03,0xe0,0xff,0x03,
    0xe0,0xff,0x03,0xe0,0xff,0x03,0xe0,0xff,0x03,0xe0,0xff,0x03,0xe0,0xff,0x03,0xe0,
    0xff,0x03,0xe0,0xff,0x03,0xe0,0xff,0x03,0xe0,0xff,0x03,0xe0,0xff,0x03,0xe0,0xff,
    0x03,0xe0,0xff,0x03,0xe0,0xff,0x03,0xe0,0xff,0x03,0xe0,0xff,0x03,0xe0,0xff,0x03,
    0xe0,0xff,0x03,0xe0,0xff,0x03,0xe0,0xff,0x03,0xe0,0xff,0x03,0xe0,0xff,0x03,0xe0,
    0xff,0x03,0xe0,0xff,0x03,0xe0,0xff,0x03,0xe0,0xff,0x03,0xe0,0xff,0x03,0xe0,0xff,
    0x03,0xe0,0xff,0x03,0xe0,0xff,0x03,0xe0,0xff,0x03,0xe0,0xff,0x03,0xe0,0xff,0x03,
    0xe0,0xff,0x03,0xe0,0xff,0x03,0xe0,0xff,0x03,0xe0,0xff,0x03,0xe0,0xff,0x03,0xe0,
    0xff,0x03,0xe0,0xff,0x03,0xe0,0xff,0x03,0xe0,0xff,0x03,0xe0,0xff,0x03,0xe0,0xff,
    0x03,0xe0,0xff,0x03,0xe0,0xff,0x03,0xe0,0xff,0x03,0xe0,0xff,0x03,0xe0,0xff,0x03,
    0xe0,0xff,0x03,0xe0,0xff,0x03,0xe0,0xff,0x03,0xe0,0xff,0x03,0xe0,0xff,0x03,0xe0,
    0xff,0x03,0xe0,0xff,0x03,0xe0,0xff,0x03,0xe0,0xff,0x03,0xe0,0xd0,0x03,0xe0,0x60,
    0xff,0xff,0x00,0xff,0xff,0x00,0xff,0xff,0x00,0xff,0xff,0x00,0xff,0xff,0x00,0xff,
    0xff,0x00,0xff,0xff,0x00,0xff,0xff,0x00,0xff,0xff,0x00,0xff,0xff,0x00,0xff,0xff,
    0x00,0xff,0xff,0x00,0xff,0xff,0x00,0xff,0xff,0x00,0x03,0xe0,0x40,0x03,0xe0,0xe0,
    0x03,0xe0,0xff,0x03,0xe0,0xff,0x03,0xe0,0xff,0x03,0xe0,0xff,0x03,0xe0,0xff,0x03,
    0xe0,0xff,0x03,0xe0,0xff,0x03,0xe0,0xff,0x03,0xe0,0xff,0x03,0xe0,0xff,0x03,0xe0,
    0xff,0x03,0xe0,0xff,0x03,0xe0,0xff,0x03,0xe0,0xff,0x03,0xe0,0xff,0x03,0xe0,0xff,
    0x03,0xe0,0xff,0x03,0xe0,0xff,0x03,0xe0,0xff,0x03,0xe0,0xff,0x03,0xe0,0xff,0x03,
    0xe0,0xff,0x03,0xe0,0xff,0x03,0xe0,0xff,0x03,0xe0,0xff,0x03,0xe0,0xff,0x03,0xe0,
    0xff,0x03,0xe0,0xff,0x03,0xe0,0xff,0x03,0xe0,0xff,0x03,0xe0,0xff,0x03,0xe0,0xff,
    0x03,0xe0,0xff,0x03,0xe0,0xff,0x03,0xe0,0xff,0x03,0xe0,0xff,0x03,0xe0,0xff,0x03,
    0xe0,0xff,0x03,0xe0,0xff,0x03,0xe0,0xff,0x03,0xe0,0xff,0x03,0xe0,0xff,0x03,0xe0,
    0xff,0x03,0xe0,0xff,0x03,0xe0,0xff,0x03,0xe0,0xff,0x03,0xe0,0xff,0x03,0xe0,0xff,
    0x03,0xe0,0xff,0x03,0xe0,0xff,0x03,0xe0,0xff,0x03,0xe0,0xff,0x03,0xe0,0xff,0x03,
    0xe0,0xff,0x03,0xe0,0xff,0x03,0xe0,0xff,0x03,0xe0,0xff,0x03,0xe0,0xff,0x03,0xe0,
    0xff,0x03,0xe0,0xff,0x03,0xe0,0xff,0x03,0xe0,0xff,0x03,0xe0,0xff,0x03,0xe0,0xff,
    0x03,0xe0,0xff,0x03,0xe0,0xff,0x03,0xe0,0xff,0x03,0xe0,0xff,0x03,0xe0,0xff,0x03,
    0xe0,0xff,0x03,0xe0,0xff,0x03,0xe0,0xff,0x03,0xe0,0xff,0x03,0xe0,0xff,0x03,0xe0,
    0xff,0x03,0xe0,0xff,0x03,0xe0,0xff,0x03,0xe0,0xff,0x03,0xe0,0xff,0x03,0xe0,0xff,
    0x03,0xe0,0xff,0x03,0xe0,0xff,0x03,0xe0,0xff,0x03,0xe0,0xff,0x03,0xe0,0xff,0x03,
    0xe0,0xff,0x03,0xe0,0xff,0x03,0xe0,0xff,0x03,0xe0,0xff,0x03,0xe0,0xff,0x03,0xe0,
    0xff,0x03,0xe0,0xff,0x03,0xe0,0xff,0x03,0xe0,0xff,0x03,0xe0,0xff,0x03,0xe0,0xff,
    0x03,0xe0,0xff,0x03,0xe0,0xff,0x03,0xe0,0xff,0x03,0xe0,0xff,0x03,0xe0,0xff,0x03,
    0xe0,0xff,0x03,0xe0,0xff,0x03,0xe0,0xff,0x03,0xe0,0xff,0x03,0xe0,0xff,0x03,0xe0,
    0xff,0x03,0xe0,0xff,0x03,0xe0,0xff,0x03,0xe0,0xff,0x03,0xe0,0xff,0x03,0xe0,0xff,
    0x03,0xe0,0xff,0x03,0xe0,0xff,0x03,0xe0,0xff,0x03,0xe0,0xff,0x03,0xe0,0xff,0x03,
    0xe0,0xff,0x03,0xe0,0xff,0x03,0xe0,0xff,0x03,0xe0,0xff,0x03,0xe0,0xff,0x03,0xe0,
    0xff,0x03,0xe0,0xff,0x03,0xe0,0xff,0x03,0xe0,0xff,0x03,0xe0,0xff,0x03,0xe0,0xff,
    0x03,0xe0,0xff,0x03,0xe0,0xff,0x03,0xe0,0xff,0x03,0xe0,0xff,0x03,0xe0,0xff,0x03,
    0xe0,0xff,0x03,0xe0,0xff,0x03,0xe0,0xff,0x03,0xe0,0xff,0x03,0xe0,0xff,0x03,0xe0,
    0xff,0x03,0xe0,0xff,0x03,0xe0,0xff,0x03,0xe0,0xff,0x03,0xe0,0xff,0x03,0xe0,0xff,
    0x03,0xe0,0xff,0x03,0xe0,0xff,0x03,0xe0,0xff,0x03,0xe0,0xff,0x03,0xe0,0xff,0x03,
    0xe0,0xff,0x03,0xe0,0xff,0x03,0xe0,0xff,0x03,0xe0,0xff,0x03,0xe0,0xff,0x03,0xe0,
    0xff,0x03,0xe0,0xff,0x03,0xe0,0xff,0x03,0xe0,0xff,0x03,0xe0,0xff,0x03,0xe0,0xff,
    0x03,0xe0,0xff,0x03,0xe0,0xff,0x03,0xe0,0xff,0x03,0xe0,0xff,0x03,0xe0,0xff,0x03,
    0xe0,0xff,0x03,0xe0,0xff,0x03,0xe0,0xff,0x03,0xe0,0xff,0x03,0xe0,0xff,0x03,0xe0,
    0xff,0x03,0xe0,0xff,0x03,0xe0,0xff,0x03,0xe0,0xff,0x03,0xe0,0xff,0x03,0xe0,0xff,
    0x03,0xe0,0xff,0x03,0xe0,0xff,0x03,0xe0,0xff,0x03,0xe0,0xff,0x03,0xe0,0xff,0x03,
    0xe0,0xff,0x03,0xe0,0xff,0x03,0xe0,0xff,0x03,0xe0,0xff,0x03,0xe0,0xff,0x03,0xe0,
    0xff,0x03,0xe0,0xff,0x03,0xe0,0xff,0x03,0xe0,0xff,0x03,0xe0,0xff,0x03,0xe0,0xff,
    0x03,0xe0,0xff,0x03,0xe0,0xff,0x03,0xe0,0xff,0x03,0xe0,0xff,0x03,0xe0,0xff,0x03,
    0xe0,0xff,0x03,0xe0,0xff,0x03,0xe0,0xff,0x03,0xe0,0xff,0x03,0xe0,0xff,0x03,0xe0,
    0xff,0x03,0xe0,0xff,0x03,0xe0,0xff,0x03,0xe0,0xff,0x03,0xe0,0xff,0x03,0xe0,0xff,
    0x03,0xe0,0xff,0x03,0xe0,0xff,0x03,0xe0,0xff,0x03,0xe0,0xff,0x03,0xe0,0xff,0x03,
    0xe0,0xff,0x03,0xe0,0xff,0x03,0xe0,0xff,0x03,0xe0,0xff,0x03,0xe0,0xff,0x03,0xe0,
    0xff,0x03,0xe0,0xff,0x03,0xe0,0xff,0x03,0xe0,0xff,0x03,0xe0,0xff,0x03,0xe0,0xff,
    0x03,0xe0,0xff,0x03,0xe0,0xff,0x03,0xe0,0xff,0x03,0xe0,0xff,0x03,0xe0,0xff,0x03,
    0xe0,0xff,0x03,0xe0,0xff,0x03,0xe0,0xff,0x03,0xe0,0xff,0x03,0xe0,0xff,0x03,0xe0,
    0xff,0x03,0xe0,0xff,0x03,0xe0,0xff,0x03,0xe0,0xff,0x03,0xe0,0xff,0x03,0xe0,0xff,
    0x03,0xe0,0xff,0x03,0xe0,0xff,0x03,0xe0,0xff,0x03,0xe0,0xff,0x03,0xe0,0xff,0x03,
    0xe0,0xff,0x03,0xe0,0xff,0x03,0xe0,0xff,0x03,0xe0,0xff,0x03,0xe0,0xff,0x03,0xe0,
    0xff,0x03,0xe0,0xff,0x03,0xe0,0xff,0x03,0xe0,0xff,0x03,0xe0,0xff,0x03,0xe0,0xff,
    0x03,0xe0,0xff,0x03,0xe0,0xff,0x03,0xe0,0xff,0x03,0xe0,0xff,0x03,0xe0,0xff,0x03,
    0xe0,0xff,0x03,0xe0,0xff,0x03,0xe0,0xff,0x03,0xe0,0xff,0x03,0xe0,0xff,0x03,0xe0,
    0xff,0x03,0xe0,0xff,0x03,0xe0,0xff,0x03,0xe0,0xff,0x03,0xe0,0xff,0x03,0xe0,0xff,
    0x03,0xe0,0xff,0x03,0xe0,0xff,0x03,0xe0,0xff,0x03,0xe0,0xff,0x03,0xe0,0xff,0x03,
    0xe0,0xff,0x03,0xe0,0xff,0x03,0xe0,0xff,0x03,0xe0,0xff,0x03,0xe0,0xff,0x03,0xe0,
    0xff,0x03,0xe0,0xff,0x03,0xe0,0xe0,0x03,0xe0,0x40,0xff,0xff,0x00,0xff,0xff,0x00,
    0xff,0xff,0x00,0xff,0xff,0x00,0xff,0xff,0x00,0xff,0xff,0x00,0xff,0xff,0x00,0xff,
    0xff,0x00,0xff,0xff,0x00,0xff,0xff,0x00,0xff,0xff,0x00,0x03,0xe0,0x80,0x03,0xe0,
    0xff,0x03,0xe0,0xff,0x03,0xe0,0xff,0x03,0xe0,0xff,0x03,0xe0,0xff,0x03,0xe0,0xff,
    0x03,0xe0,0xff,0x03,0xe0,0xff,0x03,0xe0,0xff,0x03,0xe0,0xff,0x03,0xe0,0xff,0x03,
    0xe0,0xff,0x03,0xe0,0xff,0x03,0xe0,0xff,0x03,0xe0,0xff,0x03,0xe0,0xff,0x03,0xe0,
    0xff,0x03,0xe0,0xff,0x03,0xe0,0xff,0x03,0xe0,0xff,0x03,0xe0,0xff,0x03,0xe0,0xff,
    0x03,0xe0,0xff,0x03,0xe0,0xff,0x03,0xe0,0xff,0x03,0xe0,0xff,0x03,0xe0,0xff,0x03,
    0xe0,0xff,0x03,0xe0,0xff,0x03,0xe0,0xff,0x03,0xe0,0xff,0x03,0xe0,0xff,0x03,0xe0,
    0xff,0x03,0xe0,0xff,0x03,0xe0,0xff,0x03,0xe0,0xff,0x03,0xe0,0xff,0x03,0xe0,0xff,
    0x03,0xe0,0xff,0x03,0xe0,0xff,0x03,0xe0,0xff,0x03,0xe0,0xff,0x03,0xe0,0xff,0x03,
    0xe0,0xff,0x03,0xe0,0xff,0x03,0xe0,0xff,0x03,0xe0,0xff,0x03,0xe0,0xff,0x03,0xe0,
    0xff,0x03,0xe0,0xff,0x03,0xe0,0xff,0x03,0xe0,0xff,0x03,0xe0,0xff,0x03,0xe0,0xff,
    0x03,0xe0,0xff,0x03,0xe0,0xff,0x03,0xe0,0xff,0x03,0xe0,0xff,0x03,0xe0,0xff,0x03,
    0xe0,0xff,0x03,0xe0,0xff,0x03,0xe0,0xff,0x03,0xe0,0xff,0x03,0xe0,0xff,0x03,0xe0,
    0xff,0x03,0xe0,0xff,0x03,0xe0,0xff,0x03,0xe0,0xff,0x03,0xe0,0xff,0x03,0xe0,0xff,
    0x03,0xe0,0xff,0x03,0xe0,0xff,0x03,0xe0,0xff,0x03,0xe0,0xff,0x03,0xe0,0xff,0x03,
    0xe0,0xff,0x03,0xe0,0xff,0x03,0xe0,0xff,0x03,0xe0,0xff,0x03,0xe0,0xff,0x03,0xe0,
    0xff,0x03,0xe0,0xff,0x03,0xe0,0xff,0x03,0xe0,0xff,0x03,0xe0,0xff,0x03,0xe0,0xff,
    0x03,0xe0,0xff,0x03,0xe0,0xff,0x03,0xe0,0xff,0x03,0xe0,0xff,0x03,0xe0,0xff,0x03,
    0xe0,0xff,0x03,0xe0,0xff,0x03,0xe0,0xff,0x03,0xe0,0xff,0x03,0xe0,0xff,0x03,0xe0,
    0xff,0x03,0xe0,0xff,0x03,0xe0,0xff,0x03,0xe0,0xff,0x03,0xe0,0xff,0x03,0xe0,0xff,
    0x03,0xe0,0xff,0x03,0xe0,0xff,0x03,0xe0,0xff,0x03,0xe0,0xff,0x03,0xe0,0xff,0x03,
    0xe0,0xff,0x03,0xe0,0xff,0x03,0xe0,0xff,0x03,0xe0,0xff,0x03,0xe0,0xff,0x03,0xe0,
    0xff,0x03,0xe0,0xff,0x03,0xe0,0xff,0x03,0xe0,0xff,0x03,0xe0,0xff,0x03,0xe0,0xff,
    0x03,0xe0,0xff,0x03,0xe0,0xff,0x03,0xe0,0xff,0x03,0xe0,0xff,0x03,0xe0,0xff,0x03,
    0xe0,0xff,0x03,0xe0,0xff,0x03,0xe0,0xff,0x03,0xe0,0xff,0x03,0xe0,0xff,0x03,0xe0,
    0xff,0x03,0xe0,0xff,0x03,0xe0,0xff,0x03,0xe0,0xff,0x03,0xe0,0xff,0x03,0xe0,0xff,
    0x03,0xe0,0xff,0x03,0xe0,0xff,0x03,0xe0,0xff,0x03,0xe0,0xff,0x03,0xe0,0xff,0x03,
    0xe0,0xff,0x03,0xe0,0xff,0x03,0xe0,0xff,0x03,0xe0,0xff,0x03,0xe0,0xff,0x03,0xe0,
    0xff,0x03,0xe0,0xff,0x03,0xe0,0xff,0x03,0xe0,0xff,0x03,0xe0,0xff,0x03,0xe0,0xff,
    0x03,0xe0,0xff,0x03,0xe0,0xff,0x03,0xe0,0xff,0x03,0xe0,0xff,0x03,0xe0,0xff,0x03,
    0xe0,0xff,0x03,0xe0,0xff,0x03,0xe0,0xff,0x03,0xe0,0xff,0x03,0xe0,0xff,0x03,0xe0,
    0xff,0x03,0xe0,0xff,0x03,0xe0,0xff,0x03,0xe0,0xff,0x03,0xe0,0xff,0x03,0xe0,0xff,
    0x03,0xe0,0xff,0x03,0xe0,0xff,0x03,0xe0,0xff,0x03,0xe0,0xff,0x03,0xe0,0xff,0x03,
    0xe0,0xff,0x03,0xe0,0xff,0x03,0xe0,0xff,0x03,0xe0,0xff,0x03,0xe0,0xff,0x03,0xe0,
    0xff,0x03,0xe0,0xff,0x03,0xe0,0xff,0x03,0xe0,0xff,0x03,0xe0,0xff,0x03,0xe0,0xff,
    0x03,0xe0,0xff,0x03,0xe0,0xff,0x03,0xe0,0xff,0x03,0xe0,0xff,0x03,0xe0,0xff,0x03,
    0xe0,0xff,0x03,0xe0,0xff,0x03,0xe0,0xff,0x03,0xe0,0xff,0x03,0xe0,0xff,0x03,0xe0,
    0xff,0x03,0xe0,0xff,0x03,0xe0,0xff,0x03,0xe0,0xff,0x03,0xe0,0xff,0x03,0xe0,0xff,
    0x03,0xe0,0xff,0x03,0xe0,0xff,0x03,0xe0,0xff,0x03,0xe0,0xff,0x03,0xe0,0xff,0x03,
    0xe0,0xff,0x03,0xe0,0xff,0x03,0xe0,0xff,0x03,0xe0,0xff,0x03,0xe0,0xff,0x03,0xe0,
    0xff,0x03,0xe0,0xff,0x03,0xe0,0xff,0x03,0xe0,0xff,0x03,0xe0,0xff,0x03,0xe0,0xff,
    0x03,0xe0,0xff,0x03,0xe0,0xff,0x03,0xe0,0xff,0x03,0xe0,0xff,0x03,0xe0,0xff,0x03,
    0xe0,0xff,0x03,0xe0,0xff,0x03,0xe0,0xff,0x03,0xe0,0xff,0x03,0xe0,0xff,0x03,0xe0,
    0xff,0x03,0xe0,0xff,0x03,0xe0,0xff,0x03,0xe0,0xff,0x03,0xe0,0xff,0x03,0xe0,0xff,
    0x03,0xe0,0xff,0x03,0xe0,0xff,0x03,0xe0,0xff,0x03,0xe0,0xff,0x03,0xe0,0xff,0x03,
    0xe0,0xff,0x03,0xe0,0xff,0x03,0xe0,0xff,0x03,0xe0,0xff,0x03,0xe0,0xff,0x03,0xe0,
    0xff,0x03,0xe0,0xff,0x03,0xe0,0xff,0x03,0xe0,0xff,0x03,0xe0,0xff,0x03,0xe0,0xff,
    0x03,0xe0,0xff,0x03,0xe0,0xff,0x03,0xe0,0xff,0x03,0xe0,0xff,0x03,0xe0,0xff,0x03,
    0xe0,0xff,0x03,0xe0,0xff,0x03,0xe0,0xff,0x03,0xe0,0xff,0x03,0xe0,0xff,0x03,0xe0,
    0xff,0x03,0xe0,0xff,0x03,0xe0,0xff,0x03,0xe0,0xff,0x03,0xe0,0xff,0x03,0xe0,0xff,
    0x03,0xe0,0xff,0x03,0xe0,0xff,0x03,0xe0,0xff,0x03,0xe0,0xff,0x03,0xe0,0xff,0x03,
    0xe0,0xff,0x03,0xe0,0xff,0x03,0xe0,0xff,0x03,0xe0,0xff,0x03,0xe0,0xff,0x03,0xe0,
    0xff,0x03,0xe0,0xff,0x03,0xe0,0xff,0x03,0xe0,0xff,0x03,0xe0,0xff,0x03,0xe0,0xff,
    0x03,0xe0,0xff,0x03,0xe0,0xff,0x03,0xe0,0xff,0x03,0xe0,0xff,0x03,0xe0,0xff,0x03,
    0xe0,0xff,0x03,0xe0,0xff,0x03,0xe0,0xff,0x03,0xe0,0xff,0x03,0xe0,0xff,0x03,0xe0,
    0x80,0xff,0xff,0x00,0xff,0xff,0x00,0xff,0xff,0x00,0xff,0xff,0x00,0xff,0xff,0x00,
    0xff,0xff,0x00,0xff,0xff,0x00,0xff,0xff,0x00,0xff,0xff,0x00,0x03,0xe0,0xa0,0x03,
    0xe0,0xff,0x03,0xe0,0xff,0x03,0xe0,0xff,0x03,0xe0,0xff,0x03,0xe0,0xff,0x03,0xe0,
    0xff,0x03,0xe0,0xff,0x03,0xe0,0xff,0x03,0xe0,0xff,0x03,0xe0,0xff,0x03,0xe0,0xff,
    0x03,0xe0,0xff,0x03,0xe0,0xff,0x03,0xe0,0xff,0x03,0xe0,0xff,0x03,0xe0,0xff,0x03,
    0xe0,0xff,0x03,0xe0,0xff,0x03,0xe0,0xff,0x03,0xe0,0xff,0x03,0xe0,0xff,0x03,0xe0,
    0xff,0x03,0xe0,0xff,0x03,0xe0,0xff,0x03,0xe0,0xff,0x03,0xe0,0xff,0x03,0xe0,0xff,
    0x03,0xe0,0xff,0x03,0xe0,0xff,0x03,0xe0,0xff,0x03,0xe0,0xff,0x03,0xe0,0xff,0x03,
    0xe0,0xff,0x03,0xe0,0xff,0x03,0xe0,0xff,0x03,0xe0,0xff,0x03,0xe0,0xff,0x03,0xe0,
    0xff,0x03,0xe0,0xff,0x03,0xe0,0xff,0x03,0xe0,0xff,0x03,0xe0,0xff,0x03,0xe0,0xff,
    0x03,0xe0,0xff,0x03,0xe0,0xff,0x03,0xe0,0xff,0x03,0xe0,0xff,0x03,0xe0,0xff,0x03,
    0xe0,0xff,0x03,0xe0,0xff,0x03,0xe0,0xff,0x03,0xe0,0xff,0x03,0xe0,0xff,0x03,0xe0,
    0xff,0x03,0xe0,0xff,0x03,0xe0,0xff,0x03,0xe0,0xff,0x03,0xe0,0xff,0x03,0xe0,0xff,
    0x03,0xe0,0xff,0x03,0xe0,0xff,0x03,0xe0,0xff,0x03,0xe0,0xff,0x03,0xe0,0xff,0x03,
    0xe0,0xff,0x03,0xe0,0xff,0x03,0xe0,0xff,0x03,0xe0,0xff,0x03,0xe0,0xff,0x03,0xe0,
    0xff,0x03,0xe0,0xff,0x03,0xe0,0xff,0x03,0xe0,0xff,0x03,0xe0,0xff,0x03,0xe0,0xff,
    0x03,0xe0,0xff,0x03,0xe0,0xff,0x03,0xe0,0xff,0x03,0xe0,0xff,0x03,0xe0,0xff,0x03,
    0xe0,0xff,0x03,0xe0,0xff,0x03,0xe0,0xff,0x03,0xe0,0xff,0x03,0xe0,0xff,0x03,0xe0,
    0xff,0x03,0xe0,0xff,0x03,0xe0,0xff,0x03,0xe0,0xff,0x03,0xe0,0xff,0x03,0xe0,0xff,
    0x03,0xe0,0xff,0x03,0xe0,0xff,0x03,0xe0,0xff,0x03,0xe0,0xff,0x03,0xe0,0xff,0x03,
    0xe0,0xff,0x03,0xe0,0xff,0x03,0xe0,0xff,0x03,0xe0,0xff,0x03,0xe0,0xff,0x03,0xe0,
    0xff,0x03,0xe0,0xff,0x03,0xe0,0xff,0x03,0xe0,0xff,0x03,0xe0,0xff,0x03,0xe0,0xff,
    0x03,0xe0,0xff,0x03,0xe0,0xff,0x03,0xe0,0xff,0x03,0xe0,0xff,0x03,0xe0,0xff,0x03,
    0xe0,0xff,0x03,0xe0,0xff,0x03,0xe0,0xff,0x03,0xe0,0xff,0x03,0xe0,0xff,0x03,0xe0,
    0xff,0x03,0xe0,0xff,0x03,0xe0,0xff,0x03,0xe0,0xff,0x03,0xe0,0xff,0x03,0xe0,0xff,
    0x03,0xe0,0xff,0x03,0xe0,0xff,0x03,0xe0,0xff,0x03,0xe0,0xff,0x03,0xe0,0xff,0x03,
    0xe0,0xff,0x03,0xe0,0xff,0x03,0xe0,0xff,0x03,0xe0,0xff,0x03,0xe0,0xff,0x03,0xe0,
    0xff,0x03,0xe0,0xff,0x03,0xe0,0xff,0x03,0xe0,0xff,0x03,0xe0,0xff,0x03,0xe0,0xff,
    0x03,0xe0,0xff,0x03,0xe0,0xff,0x03,0xe0,0xff,0x03,0xe0,0xff,0x03,0xe0,0xff,0x03,
    0xe0,0xff,0x03,0xe0,0xff,0x03,0xe0,0xff,0x03,0xe0,0xff,0x03,0xe0,0xff,0x03,0xe0,
    0xff,0x03,0xe0,0xff,0x03,0xe0,0xff,0x03,0xe0,0xff,0x03,0xe0,0xff,0x03,0xe0,0xff,
    0x03,0xe0,0xff,0x03,0xe0,0xff,0x03,0xe0,0xff,0x03,0xe0,0xff,0x03,0xe0,0xff,0x03,
    0xe0,0xff,0x03,0xe0,0xff,0x03,0xe0,0xff,0x03,0xe0,0xff,0x03,0xe0,0xff,0x03,0xe0,
    0xff,0x03,0xe0,0xff,0x03,0xe0,0xff,0x03,0xe0,0xff,0x03,0xe0,0xff,0x03,0xe0,0xff,
    0x03,0xe0,0xff,0x03,0xe0,0xff,0x03,0xe0,0xff,0x03,0xe0,0xff,0x03,0xe0,0xff,0x03,
    0xe0,0xff,0x03,0xe0,0xff,0x03,0xe0,0xff,0x03,0xe0,0xff,0x03,0xe0,0xff,0x03,0xe0,
    0xff,0x03,0xe0,0xff,0x03,0xe0,0xff,0x03,0xe0,0xff,0x03,0xe0,0xff,0x03,0xe0,0xff,
    0x03,0xe0,0xff,0x03,0xe0,0xff,0x03,0xe0,0xff,0x03,0xe0,0xff,0x03,0xe0,0xff,0x03,
    0xe0,0xff,0x03,0xe0,0xff,0x03,0xe0,0xff,0x03,0xe0,0xff,0x03,0xe0,0xff,0x03,0xe0,
    0xff,0x03,0xe0,0xff,0x03,0xe0,0xff,0x03,0xe0,0xff,0x03,0xe0,0xff,0x03,0xe0,0xff,
    0x03,0xe0,0xff,0x03,0xe0,0xff,0x03,0xe0,0xff,0x03,0xe0,0xff,0x03,0xe0,0xff,0x03,
    0xe0,0xff,0x03,0xe0,0xff,0x03,0xe0,0xff,0x03,0xe0,0xff,0x03,0xe0,0xff,0x03,0xe0,
    0xff,0x03,0xe0,0xff,0x03,0xe0,0xff,0x03,0xe0,0xff,0x03,0xe0,0xff,0x03,0xe0,0xff,
    0x03,0xe0,0xff,0x03,0xe0,0xff,0x03,0xe0,0xff,0x03,0xe0,0xff,0x03,0xe0,0xff,0x03,
    0xe0,0xff,0x03,0xe0,0xff,0x03,0xe0,0xff,0x03,0xe0,0xff,0x03,0xe0,0xff,0x03,0xe0,
    0xff,0x03,0xe0,0xff,0x03,0xe0,0xff,0x03,0xe0,0xff,0x03,0xe0,0xff,0x03,0xe0,0xff,
    0x03,0xe0,0xff,0x03,0xe0,0xff,0x03,0xe0,0xff,0x03,0xe0,0xff,0x03,0xe0,0xff,0x03,
    0xe0,0xff,0x03,0xe0,0xff,0x03,0xe0,0xff,0x03,0xe0,0xff,0x03,0xe0,0xff,0x03,0xe0,
    0xff,0x03,0xe0,0xff,0x03,0xe0,0xff,0x03,0xe0,0xff,0x03,0xe0,0xff,0x03,0xe0,0xff,
    0x03,0xe0,0xff,0x03,0xe0,0xff,0x03,0xe0,0xff,0x03,0xe0,0xff,0x03,0xe0,0xff,0x03,
    0xe0,0xff,0x03,0xe0,0xff,0x03,0xe0,0xff,0x03,0xe0,0xff,0x03,0xe0,0xff,0x03,0xe0,
    0xff,0x03,0xe0,0xff,0x03,0xe0,0xff,0x03,0xe0,0xff,0x03,0xe0,0xff,0x03,0xe0,0xff,
    0x03,0xe0,0xff,0x03,0xe0,0xff,0x03,0xe0,0xff,0x03,0xe0,0xff,0x03,0xe0,0xff,0x03,
    0xe0,0xff,0x03,0xe0,0xff,0x03,0xe0,0xff,0x03,0xe0,0xff,0x03,0xe0,0xff,0x03,0xe0,
    0xff,0x03,0xe0,0xff,0x03,0xe0,0xff,0x03,0xe0,0xff,0x03,0xe0,0xff,0x03,0xe0,0xff,
    0x03,0xe0,0xff,0x03,0xe0,0xff,0x03,0xe0,0xff,0x03,0xe0,0xff,0x03,0xe0,0xff,0x03,
    0xe0,0xff,0x03,0xe0,0xff,0x03,0xe0,0xa0,0xff,0xff,0x00,0xff,0xff,0x00,0xff,0xff,
    0x00,0xff,0xff,0x00,0xff,0xff,0x00,0xff,0xff,0x00,0xff,0xff,0x00,0x03,0xe0,0xa0,
    0x03,0xe0,0xff,0x03,0xe0,0xff,0x03,0xe0,0xff,0x03,0xe0,0xff,0x03,0xe0,0xff,0x03,
    0xe0,0xff,0x03,0xe0,0xff,0x03,0xe0,0xff,0x03,0xe0,0xff,0x03,0xe0,0xff,0x03,0xe0,
    0xff,0x03,0xe0,0xff,0x03,0xe0,0xff,0x03,0xe0,0xff,0x03,0xe0,0xff,0x03,0xe0,0xff,
    0x03,0xe0,0xff,0x03,0xe0,0xff,0x03,0xe0,0xff,0x03,0xe0,0xff,0x03,0xe0,0xff,0x03,
    0xe0,0xff,0x03,0xe0,0xff,0x03,0xe0,0xff,0x03,0xe0,0xff,0x03,0xe0,0xff,0x03,0xe0,
    0xff,0x03,0xe0,0xff,0x03,0xe0,0xff,0x03,0xe0,0xff,0x03,0xe0,0xff,0x03,0xe0,0xff,
    0x03,0xe0,0xff,0x03,0xe0,0xff,0x03,0xe0,0xff,0x03,0xe0,0xff,0x03,0xe0,0xff,0x03,
    0xe0,0xff,0x03,0xe0,0xff,0x03,0xe0,0xff,0x03,0xe0,0xff,0x03,0xe0,0xff,0x03,0xe0,
    0xff,0x03,0xe0,0xff,0x03,0xe0,0xff,0x03,0xe0,0xff,0x03,0xe0,0xff,0x03,0xe0,0xff,
    0x03,0xe0,0xff,0x03,0xe0,0xff,0x03,0xe0,0xff,0x03,0xe0,0xff,0x03,0xe0,0xff,0x03,
    0xe0,0xff,0x03,0xe0,0xff,0x03,0xe0,0xff,0x03,0xe0,0xff,0x03,0xe0,0xff,0x03,0xe0,
    0xff,0x03,0xe0,0xff,0x03,0xe0,0xff,0x03,0xe0,0xff,0x03,0xe0,0xff,0x03,0xe0,0xff,
    0x03,0xe0,0xff,0x03,0xe0,0xff,0x03,0xe0,0xff,0x03,0xe0,0xff,0x03,0xe0,0xff,0x03,
    0xe0,0xff,0x03,0xe0,0xff,0x03,0xe0,0xff,0x03,0xe0,0xff,0x03,0xe0,0xff,0x03,0xe0,
    0xff,0x03,0xe0,0xff,0x03,0xe0,0xff,0x03,0xe0,0xff,0x03,0xe0,0xff,0x03,0xe0,0xff,
    0x03,0xe0,0xff,0x03,0xe0,0xff,0x03,0xe0,0xff,0x03,0xe0,0xff,0x03,0xe0,0xff,0x03,
    0xe0,0xff,0x03,0xe0,0xff,0x03,0xe0,0xff,0x03,0xe0,0xff,0x03,0xe0,0xff,0x03,0xe0,
    0xff,0x03,0xe0,0xff,0x03,0xe0,0xff,0x03,0xe0,0xff,0x03,0xe0,0xff,0x03,0xe0,0xff,
    0x03,0xe0,0xff,0x03,0xe0,0xff,0x03,0xe0,0xff,0x03,0xe0,0xff,0x03,0xe0,0xff,0x03,
    0xe0,0xff,0x03,0xe0,0xff,0x03,0xe0,0xff,0x03,0xe0,0xff,0x03,0xe0,0xff,0x03,0xe0,
    0xff,0x03,0xe0,0xff,0x03,0xe0,0xff,0x03,0xe0,0xff,0x03,0xe0,0xff,0x03,0xe0,0xff,
    0x03,0xe0,0xff,0x03,0xe0,0xff,0x03,0xe0,0xff,0x03,0xe0,0xff,0x03,0xe0,0xff,0x03,
    0xe0,0xff,0x03,0xe0,0xff,0x03,0xe0,0xff,0x03,0xe0,0xff,0x03,0xe0,0xff,0x03,0xe0,
    0xff,0x03,0xe0,0xff,0x03,0xe0,0xff,0x03,0xe0,0xff,0x03,0xe0,0xff,0x03,0xe0,0xff,
    0x03,0xe0,0xff,0x03,0xe0,0xff,0x03,0xe0,0xff,0x03,0xe0,0xff,0x03,0xe0,0xff,0x03,
    0xe0,0xff,0x03,0xe0,0xff,0x03,0xe0,0xff,0x03,0xe0,0xff,0x03,0xe0,0xff,0x03,0xe0,
    0xff,0x03,0xe0,0xff,0x03,0xe0,0xff,0x03,0xe0,0xff,0x03,0xe0,0xff,0x03,0xe0,0xff,
    0x03,0xe0,0xff,0x03,0xe0,0xff,0x03,0xe0,0xff,0x03,0xe0,0xff,0x03,0xe0,0xff,0x03,
    0xe0,0xff,0x03,0xe0,0xff,0x03,0xe0,0xff,0x03,0xe0,0xff,0x03,0xe0,0xff,0x03,0xe0,
    0xff,0x03,0xe0,0xff,0x03,0xe0,0xff,0x03,0xe0,0xff,0x03,0xe0,0xff,0x03,0xe0,0xff,
    0x03,0xe0,0xff,0x03,0xe0,0xff,0x03,0xe0,0xff,0x03,0xe0,0xff,0x03,0xe0,0xff,0x03,
    0xe0,0xff,0x03,0xe0,0xff,0x03,0xe0,0xff,0x03,0xe0,0xff,0x03,0xe0,0xff,0x03,0xe0,
    0xff,0x03,0xe0,0xff,0x03,0xe0,0xff,0x03,0xe0,0xff,0x03,0xe0,0xff,0x03,0xe0,0xff,
    0x03,0xe0,0xff,0x03,0xe0,0xff,0x03,0xe0,0xff,0x03,0xe0,0xff,0x03,0xe0,0xff,0x03,
    0xe0,0xff,0x03,0xe0,0xff,0x03,0xe0,0xff,0x03,0xe0,0xff,0x03,0xe0,0xff,0x03,0xe0,
    0xff,0x03,0xe0,0xff,0x03,0xe0,0xff,0x03,0xe0,0xff,0x03,0xe0,0xff,0x03,0xe0,0xff,
    0x03,0xe0,0xff,0x03,0xe0,0xff,0x03,0xe0,0xff,0x03,0xe0,0xff,0x03,0xe0,0xff,0x03,
    0xe0,0xff,0x03,0xe0,0xff,0x03,0xe0,0xff,0x03,0xe0,0xff,0x03,0xe0,0xff,0x03,0xe0,
    0xff,0x03,0xe0,0xff,0x03,0xe0,0xff,0x03,0xe0,0xff,0x03,0xe0,0xff,0x03,0xe0,0xff,
    0x03,0xe0,0xff,0x03,0xe0,0xff,0x03,0xe0,0xff,0x03,0xe0,0xff,0x03,0xe0,0xff,0x03,
    0xe0,0xff,0x03,0xe0,0xff,0x03,0xe0,0xff,0x03,0xe0,0xff,0x03,0xe0,0xff,0x03,0xe0,
    0xff,0x03,0xe0,0xff,0x03,0xe0,0xff,0x03,0xe0,0xff,0x03,0xe0,0xff,0x03,0xe0,0xff,
    0x03,0xe0,0xff,0x03,0xe0,0xff,0x03,0xe0,0xff,0x03,0xe0,0xff,0x03,0xe0,0xff,0x03,
    0xe0,0xff,0x03,0xe0,0xff,0x03,0xe0,0xff,0x03,0xe0,0xff,0x03,0xe0,0xff,0x03,0xe0,
    0xff,0x03,0xe0,0xff,0x03,0xe0,0xff,0x03,0xe0,0xff,0x03,0xe0,0xff,0x03,0xe0,0xff,
    0x03,0xe0,0xff,0x03,0xe0,0xff,0x03,0xe0,0xff,0x03,0xe0,0xff,0x03,0xe0,0xff,0x03,
    0xe0,0xff,0x03,0xe0,0xff,0x03,0xe0,0xff,0x03,0xe0,0xff,0x03,0xe0,0xff,0x03,0xe0,
    0xff,0x03,0xe0,0xff,0x03,0xe0,0xff,0x03,0xe0,0xff,0x03,0xe0,0xff,0x03,0xe0,0xff,
    0x03,0xe0,0xff,0x03,0xe0,0xff,0x03,0xe0,0xff,0x03,0xe0,0xff,0x03,0xe0,0xff,0x03,
    0xe0,0xff,0x03,0xe0,0xff,0x03,0xe0,0xff,0x03,0xe0,0xff,0x03,0xe0,0xff,0x03,0xe0,
    0xff,0x03,0xe0,0xff,0x03,0xe0,0xff,0x03,0xe0,0xff,0x03,0xe0,0xff,0x03,0xe0,0xff,
    0x03,0xe0,0xff,0x03,0xe0,0xff,0x03,0xe0,0xff,0x03,0xe0,0xff,0x03,0xe0,0xff,0x03,
    0xe0,0xff,0x03,0xe0,0xff,0x03,0xe0,0xff,0x03,0xe0,0xff,0x03,0xe0,0xff,0x03,0xe0,
    0xff,0x03,0xe0,0xff,0x03,0xe0,0xff,0x03,0xe0,0xff,0x03,0xe0,0xff,0x03,0xe0,0xff,
    0x03,0xe0,0xff,0x03,0xe0,0xff,0x03,0xe0,0xff,0x03,0xe0,0xff,0x03,0xe0,0x90,0xff,
    0xff,0x00,0xff,0xff,0x00,0xff,0xff,0x00,0xff,0xff,0x00,0xff,0xff,0x00,0x03,0xe0,
    0x50,0x03,0xe0,0xff,0x03,0xe0,0xff,0x03,0xe0,0xff,0x03,0xe0,0xff,0x03,0xe0,0xff,
    0x03,0xe0,0xff,0x03,0xe0,0xff,0x03,0xe0,0xff,0x03,0xe0,0xff,0x03,0xe0,0xff,0x03,
    0xe0,0xff,0x03,0xe0,0xff,0x03,0xe0,0xff,0x03,0xe0,0xff,0x03,0xe0,0xff,0x03,0xe0,
    0xff,0x03,0xe0,0xff,0x03,0xe0,0xff,0x03,0xe0,0xff,0x03,0xe0,0xff,0x03,0xe0,0xff,
    0x03,0xe0,0xff,0x03,0xe0,0xff,0x03,0xe0,0xff,0x03,0xe0,0xff,0x03,0xe0,0xff,0x03,
    0xe0,0xff,0x03,0xe0,0xff,0x03,0xe0,0xff,0x03,0xe0,0xff,0x03,0xe0,0xff,0x03,0xe0,
    0xff,0x03,0xe0,0xff,0x03,0xe0,0xff,0x03,0xe0,0xff,0x03,0xe0,0xff,0x03,0xe0,0xff,
    0x03,0xe0,0xff,0x03,0xe0,0xff,0x03,0xe0,0xff,0x03,0xe0,0xff,0x03,0xe0,0xff,0x03,
    0xe0,0xff,0x03,0xe0,0xff,0x03,0xe0,0xff,0x03,0xe0,0xff,0x03,0xe0,0xff,0x03,0xe0,
    0xff,0x03,0xe0,0xff,0x03,0xe0,0xff,0x03,0xe0,0xff,0x03,0xe0,0xff,0x03,0xe0,0xff,
    0x03,0xe0,0xff,0x03,0xe0,0xff,0x03,0xe0,0xff,0x03,0xe0,0xff,0x03,0xe0,0xff,0x03,
    0xe0,0xff,0x03,0xe0,0xff,0x03,0xe0,0xff,0x03,0xe0,0xff,0x03,0xe0,0xff,0x03,0xe0,
    0xff,0x03,0xe0,0xff,0x03,0xe0,0xff,0x03,0xe0,0xff,0x03,0xe0,0xff,0x03,0xe0,0xff,
    0x03,0xe0,0xff,0x03,0xe0,0xff,0x03,0xe0,0xff,0x03,0xe0,0xff,0x03,0xe0,0xff,0x03,
    0xe0,0xff,0x03,0xe0,0xff,0x03,0xe0,0xff,0x03,0xe0,0xff,0x03,0xe0,0xff,0x03,0xe0,
    0xff,0x03,0xe0,0xff,0x03,0xe0,0xff,0x03,0xe0,0xff,0x03,0xe0,0xff,0x03,0xe0,0xff,
    0x03,0xe0,0xff,0x03,0xe0,0xff,0x03,0xe0,0xff,0x03,0xe0,0xff,0x03,0xe0,0xff,0x03,
    0xe0,0xff,0x03,0xe0,0xff,0x03,0xe0,0xff,0x03,0xe0,0xff,0x03,0xe0,0xff,0x03,0xe0,
    0xff,0x03,0xe0,0xff,0x03,0xe0,0xff,0x03,0xe0,0xff,0x03,0xe0,0xff,0x03,0xe0,0xff,
    0x03,0xe0,0xff,0x03,0xe0,0xff,0x03,0xe0,0xff,0x03,0xe0,0xff,0x03,0xe0,0xff,0x03,
    0xe0,0xff,0x03,0xe0,0xff,0x03,0xe0,0xff,0x03,0xe0,0xff,0x03,0xe0,0xff,0x03,0xe0,
    0xff,0x03,0xe0,0xff,0x03,0xe0,0xff,0x03,0xe0,0xff,0x03,0xe0,0xff,0x03,0xe0,0xff,
    0x03,0xe0,0xff,0x03,0xe0,0xff,0x03,0xe0,0xff,0x03,0xe0,0xff,0x03,0xe0,0xff,0x03,
    0xe0,0xff,0x03,0xe0,0xff,0x03,0xe0,0xff,0x03,0xe0,0xff,0x03,0xe0,0xff,0x03,0xe0,
    0xff,0x03,0xe0,0xff,0x03,0xe0,0xff,0x03,0xe0,0xff,0x03,0xe0,0xff,0x03,0xe0,0xff,
    0x03,0xe0,0xff,0x03,0xe0,0xff,0x03,0xe0,0xff,0x03,0xe0,0xff,0x03,0xe0,0xff,0x03,
    0xe0,0xff,0x03,0xe0,0xff,0x03,0xe0,0xff,0x03,0xe0,0xff,0x03,0xe0,0xff,0x03,0xe0,
    0xff,0x03,0xe0,0xff,0x03,0xe0,0xff,0x03,0xe0,0xff,0x03,0xe0,0xff,0x03,0xe0,0xff,
    0x03,0xe0,0xff,0x03,0xe0,0xff,0x03,0xe0,0xff,0x03,0xe0,0xff,0x03,0xe0,0xff,0x03,
    0xe0,0xff,0x03,0xe0,0xff,0x03,0xe0,0xff,0x03,0xe0,0xff,0x03,0xe0,0xff,0x03,0xe0,
    0xff,0x03,0xe0,0xff,0x03,0xe0,0xff,0x03,0xe0,0xff,0x03,0xe0,0xff,0x03,0xe0,0xff,
    0x03,0xe0,0xff,0x03,0xe0,0xff,0x03,0xe0,0xff,0x03,0xe0,0xff,0x03,0xe0,0xff,0x03,
    0xe0,0xff,0x03,0xe0,0xff,0x03,0xe0,0xff,0x03,0xe0,0xff,0x03,0xe0,0xff,0x03,0xe0,
    0xff,0x03,0xe0,0xff,0x03,0xe0,0xff,0x03,0xe0,0xff,0x03,0xe0,0xff,0x03,0xe0,0xff,
    0x03,0xe0,0xff,0x03,0xe0,0xff,0x03,0xe0,0xff,0x03,0xe0,0xff,0x03,0xe0,0xff,0x03,
    0xe0,0xff,0x03,0xe0,0xff,0x03,0xe0,0xff,0x03,0xe0,0xff,0x03,0xe0,0xff,0x03,0xe0,
    0xff,0x03,0xe0,0xff,0x03,0xe0,0xff,0x03,0xe0,0xff,0x03,0xe0,0xff,0x03,0xe0,0xff,
    0x03,0xe0,0xff,0x03,0xe0,0xff,0x03,0xe0,0xff,0x03,0xe0,0xff,0x03,0xe0,0xff,0x03,
    0xe0,0xff,0x03,0xe0,0xff,0x03,0xe0,0xff,0x03,0xe0,0xff,0x03,0xe0,0xff,0x03,0xe0,
    0xff,0x03,0xe0,0xff,0x03,0xe0,0xff,0x03,0xe0,0xff,0x03,0xe0,0xff,0x03,0xe0,0xff,
    0x03,0xe0,0xff,0x03,0xe0,0xff,0x03,0xe0,0xff,0x03,0xe0,0xff,0x03,0xe0,0xff,0x03,
    0xe0,0xff,0x03,0xe0,0xff,0x03,0xe0,0xff,0x03,0xe0,0xff,0x03,0xe0,0xff,0x03,0xe0,
    0xff,0x03,0xe0,0xff,0x03,0xe0,0xff,0x03,0xe0,0xff,0x03,0xe0,0xff,0x03,0xe0,0xff,
    0x03,0xe0,0xff,0x03,0xe0,0xff,0x03,0xe0,0xff,0x03,0xe0,0xff,0x03,0xe0,0xff,0x03,
    0xe0,0xff,0x03,0xe0,0xff,0x03,0xe0,0xff,0x03,0xe0,0xff,0x03,0xe0,0xff,0x03,0xe0,
    0xff,0x03,0xe0,0xff,0x03,0xe0,0xff,0x03,0xe0,0xff,0x03,0xe0,0xff,0x03,0xe0,0xff,
    0x03,0xe0,0xff,0x03,0xe0,0xff,0x03,0xe0,0xff,0x03,0xe0,0xff,0x03,0xe0,0xff,0x03,
    0xe0,0xff,0x03,0xe0,0xff,0x03,0xe0,0xff,0x03,0xe0,0xff,0x03,0xe0,0xff,0x03,0xe0,
    0xff,0x03,0xe0,0xff,0x03,0xe0,0xff,0x03,0xe0,0xff,0x03,0xe0,0xff,0x03,0xe0,0xff,
    0x03,0xe0,0xff,0x03,0xe0,0xff,0x03,0xe0,0xff,0x03,0xe0,0xff,0x03,0xe0,0xff,0x03,
    0xe0,0xff,0x03,0xe0,0xff,0x03,0xe0,0xff,0x03,0xe0,0xff,0x03,0xe0,0xff,0x03,0xe0,
    0xff,0x03,0xe0,0xff,0x03,0xe0,0xff,0x03,0xe0,0xff,0x03,0xe0,0xff,0x03,0xe0,0xff,
    0x03,0xe0,0xff,0x03,0xe0,0xff,0x03,0xe0,0xff,0x03,0xe0,0xff,0x03,0xe0,0xff,0x03,
    0xe0,0xff,0x03,0xe0,0xff,0x03,0xe0,0xff,0x03,0xe0,0xff,0x03,0xe0,0xff,0x03,0xe0,
    0xff,0x03,0xe0,0xff,0x03,0xe0,0xff,0x03,0xe0,0xff,0x03,0xe0,0xff,0x03,0xe0,0xff,
    0x03,0xe0,0xff,0x03,0xe0,0x50,0xff,0xff,0x00,0xff,0xff,0x00,0xff,0xff,0x00,0x03,
    0xe0,0x10,0x03,0xe0,0xf0,0x03,0xe0,0xff,0x03,0xe0,0xff,0x03,0xe0,0xff,0x03,0xe0,
    0xff,0x03,0xe0,0xff,0x03,0xe0,0xff,0x03,0xe0,0xff,0x03,0xe0,0xff,0x03,0xe0,0xff,
    0x03,0xe0,0xff,0x03,0xe0,0xff,0x03,0xe0,0xff,0x03,0xe0,0xff,0x03,0xe0,0xff,0x03,
    0xe0,0xff,0x03,0xe0,0xff,0x03,0xe0,0xff,0x03,0xe0,0xff,0x03,0xe0,0xff,0x03,0xe0,
    0xff,0x03,0xe0,0xff,0x03,0xe0,0xff,0x03,0xe0,0xff,0x03,0xe0,0xff,0x03,0xe0,0xff,
    0x03,0xe0,0xff,0x03,0xe0,0xff,0x03,0xe0,0xff,0x03,0xe0,0xff,0x03,0xe0,0xff,0x03,
    0xe0,0xff,0x03,0xe0,0xff,0x03,0xe0,0xff,0x03,0xe0,0xff,0x03,0xe0,0xff,0x03,0xe0,
    0xff,0x03,0xe0,0xff,0x03,0xe0,0xff,0x03,0xe0,0xff,0x03,0xe0,0xff,0x03,0xe0,0xff,
    0x03,0xe0,0xff,0x03,0xe0,0xff,0x03,0xe0,0xff,0x03,0xe0,0xff,0x03,0xe0,0xff,0x03,
    0xe0,0xff,0x03,0xe0,0xff,0x03,0xe0,0xff,0x03,0xe0,0xff,0x03,0xe0,0xff,0x03,0xe0,
    0xff,0x03,0xe0,0xff,0x03,0xe0,0xff,0x03,0xe0,0xff,0x03,0xe0,0xff,0x03,0xe0,0xff,
    0x03,0xe0,0xff,0x03,0xe0,0xff,0x03,0xe0,0xff,0x03,0xe0,0xff,0x03,0xe0,0xff,0x03,
    0xe0,0xff,0x03,0xe0,0xff,0x03,0xe0,0xff,0x03,0xe0,0xff,0x03,0xe0,0xff,0x03,0xe0,
    0xff,0x03,0xe0,0xff,0x03,0xe0,0xff,0x03,0xe0,0xff,0x03,0xe0,0xff,0x03,0xe0,0xff,
    0x03,0xe0,0xff,0x03,0xe0,0xff,0x03,0xe0,0xff,0x03,0xe0,0xff,0x03,0xe0,0xff,0x03,
    0xe0,0xff,0x03,0xe0,0xff,0x03,0xe0,0xff,0x03,0xe0,0xff,0x03,0xe0,0xff,0x03,0xe0,
    0xff,0x03,0xe0,0xff,0x03,0xe0,0xff,0x03,0xe0,0xff,0x03,0xe0,0xff,0x03,0xe0,0xff,
    0x03,0xe0,0xff,0x03,0xe0,0xff,0x03,0xe0,0xff,0x03,0xe0,0xff,0x03,0xe0,0xff,0x03,
    0xe0,0xff,0x03,0xe0,0xff,0x03,0xe0,0xff,0x03,0xe0,0xff,0x03,0xe0,0xff,0x03,0xe0,
    0xff,0x03,0xe0,0xff,0x03,0xe0,0xff,0x03,0xe0,0xff,0x03,0xe0,0xff,0x03,0xe0,0xff,
    0x03,0xe0,0xff,0x03,0xe0,0xff,0x03,0xe0,0xff,0x03,0xe0,0xff,0x03,0xe0,0xff,0x03,
    0xe0,0xff,0x03,0xe0,0xff,0x03,0xe0,0xff,0x03,0xe0,0xff,0x03,0xe0,0xff,0x03,0xe0,
    0xff,0x03,0xe0,0xff,0x03,0xe0,0xff,0x03,0xe0,0xff,0x03,0xe0,0xff,0x03,0xe0,0xff,
    0x03,0xe0,0xff,0x03,0xe0,0xff,0x03,0xe0,0xff,0x03,0xe0,0xff,0x03,0xe0,0xff,0x03,
    0xe0,0xff,0x03,0xe0,0xff,0x03,0xe0,0xff,0x03,0xe0,0xff,0x03,0xe0,0xff,0x03,0xe0,
    0xff,0x03,0xe0,0xff,0x03,0xe0,0xff,0x03,0xe0,0xff,0x03,0xe0,0xff,0x03,0xe0,0xff,
    0x03,0xe0,0xff,0x03,0xe0,0xff,0x03,0xe0,0xff,0x03,0xe0,0xff,0x03,0xe0,0xff,0x03,
    0xe0,0xff,0x03,0xe0,0xff,0x03,0xe0,0xff,0x03,0xe0,0xff,0x03,0xe0,0xff,0x03,0xe0,
    0xff,0x03,0xe0,0xff,0x03,0xe0,0xff,0x03,0xe0,0xff,0x03,0xe0,0xff,0x03,0xe0,0xff,
    0x03,0xe0,0xff,0x03,0xe0,0xff,0x03,0xe0,0xff,0x03,0xe0,0xff,0x03,0xe0,0xff,0x03,
    0xe0,0xff,0x03,0xe0,0xff,0x03,0xe0,0xff,0x03,0xe0,0xff,0x03,0xe0,0xff,0x03,0xe0,
    0xff,0x03,0xe0,0xff,0x03,0xe0,0xff,0x03,0xe0,0xff,0x03,0xe0,0xff,0x03,0xe0,0xff,
    0x03,0xe0,0xff,0x03,0xe0,0xff,0x03,0xe0,0xff,0x03,0xe0,0xff,0x03,0xe0,0xff,0x03,
    0xe0,0xff,0x03,0xe0,0xff,0x03,0xe0,0xff,0x03,0xe0,0xff,0x03,0xe0,0xff,0x03,0xe0,
    0xff,0x03,0xe0,0xff,0x03,0xe0,0xff,0x03,0xe0,0xff,0x03,0xe0,0xff,0x03,0xe0,0xff,
    0x03,0xe0,0xff,0x03,0xe0,0xff,0x03,0xe0,0xff,0x03,0xe0,0xff,0x03,0xe0,0xff,0x03,
    0xe0,0xff,0x03,0xe0,0xff,0x03,0xe0,0xff,0x03,0xe0,0xff,0x03,0xe0,0xff,0x03,0xe0,
    0xff,0x03,0xe0,0xff,0x03,0xe0,0xff,0x03,0xe0,0xff,0x03,0xe0,0xff,0x03,0xe0,0xff,
    0x03,0xe0,0xff,0x03,0xe0,0xff,0x03,0xe0,0xff,0x03,0xe0,0xff,0x03,0xe0,0xff,0x03,
    0xe0,0xff,0x03,0xe0,0xff,0x03,0xe0,0xff,0x03,0xe0,0xff,0x03,0xe0,0xff,0x03,0xe0,
    0xff,0x03,0xe0,0xff,0x03,0xe0,0xff,0x03,0xe0,0xff,0x03,0xe0,0xff,0x03,0xe0,0xff,
    0x03,0xe0,0xff,0x03,0xe0,0xff,0x03,0xe0,0xff,0x03,0xe0,0xff,0x03,0xe0,0xff,0x03,
    0xe0,0xff,0x03,0xe0,0xff,0x03,0xe0,0xff,0x03,0xe0,0xff,0x03,0xe0,0xff,0x03,0xe0,
    0xff,0x03,0xe0,0xff,0x03,0xe0,0xff,0x03,0xe0,0xff,0x03,0xe0,0xff,0x03,0xe0,0xff,
    0x03,0xe0,0xff,0x03,0xe0,0xff,0x03,0xe0,0xff,0x03,0xe0,0xff,0x03,0xe0,0xff,0x03,
    0xe0,0xff,0x03,0xe0,0xff,0x03,0xe0,0xff,0x03,0xe0,0xff,0x03,0xe0,0xff,0x03,0xe0,
    0xff,0x03,0xe0,0xff,0x03,0xe0,0xff,0x03,0xe0,0xff,0x03,0xe0,0xff,0x03,0xe0,0xff,
    0x03,0xe0,0xff,0x03,0xe0,0xff,0x03,0xe0,0xff,0x03,0xe0,0xff,0x03,0xe0,0xff,0x03,
    0xe0,0xff,0x03,0xe0,0xff,0x03,0xe0,0xff,0x03,0xe0,0xff,0x03,0xe0,0xff,0x03,0xe0,
    0xff,0x03,0xe0,0xff,0x03,0xe0,0xff,0x03,0xe0,0xff,0x03,0xe0,0xff,0x03,0xe0,0xff,
    0x03,0xe0,0xff,0x03,0xe0,0xff,0x03,0xe0,0xff,0x03,0xe0,0xff,0x03,0xe0,0xff,0x03,
    0xe0,0xff,0x03,0xe0,0xff,0x03,0xe0,0xff,0x03,0xe0,0xff,0x03,0xe0,0xff,0x03,0xe0,
    0xff,0x03,0xe0,0xff,0x03,0xe0,0xff,0x03,0xe0,0xff,0x03,0xe0,0xff,0x03,0xe0,0xff,
    0x03,0xe0,0xff,0x03,0xe0,0xff,0x03,0xe0,0xff,0x03,0xe0,0xff,0x03,0xe0,0xff,0x03,
    0xe0,0xff,0x03,0xe0,0xff,0x03,0xe0,0xff,0x03,0xe0,0xff,0x03,0xe0,0xff,0x03,0xe0,
    0xff,0x03,0xe0,0xff,0x03,0xe0,0xff,0x03,0xe0,0xf0,0x03,0xe0,0x10,0xff,0xff,0x00,
    0xff,0xff,0x00,0x03,0xe0,0x80,0x03,0xe0,0xff,0x03,0xe0,0xff,0x03,0xe0,0xff,0x03,
    0xe0,0xff,0x03,0xe0,0xff,0x03,0xe0,0xff,0x03,0xe0,0xff,0x03,0xe0,0xff,0x03,0xe0,
    0xff,0x03,0xe0,0xff,0x03,0xe0,0xff,0x03,0xe0,0xff,0x03,0xe0,0xff,0x03,0xe0,0xff,
    0x03,0xe0,0xff,0x03,0xe0,0xff,0x03,0xe0,0xff,0x03,0xe0,0xff,0x03,0xe0,0xff,0x03,
    0xe0,0xff,0x03,0xe0,0xff,0x03,0xe0,0xff,0x03,0xe0,0xff,0x03,0xe0,0xff,0x03,0xe0,
    0xff,0x03,0xe0,0xff,0x03,0xe0,0xff,0x03,0xe0,0xff,0x03,0xe0,0xff,0x03,0xe0,0xff,
    0x03,0xe0,0xff,0x03,0xe0,0xff,0x03,0xe0,0xff,0x03,0xe0,0xff,0x03,0xe0,0xff,0x03,
    0xe0,0xff,0x03,0xe0,0xff,0x03,0xe0,0xff,0x03,0xe0,0xff,0x03,0xe0,0xff,0x03,0xe0,
    0xff,0x03,0xe0,0xff,0x03,0xe0,0xff,0x03,0xe0,0xff,0x03,0xe0,0xff,0x03,0xe0,0xff,
    0x03,0xe0,0xff,0x03,0xe0,0xff,0x03,0xe0,0xff,0x03,0xe0,0xff,0x03,0xe0,0xff,0x03,
    0xe0,0xff,0x03,0xe0,0xff,0x03,0xe0,0xff,0x03,0xe0,0xff,0x03,0xe0,0xff,0x03,0xe0,
    0xff,0x03,0xe0,0xff,0x03,0xe0,0xff,0x03,0xe0,0xff,0x03,0xe0,0xff,0x03,0xe0,0xff,
    0x03,0xe0,0xff,0x03,0xe0,0xff,0x03,0xe0,0xff,0x03,0xe0,0xff,0x03,0xe0,0xff,0x03,
    0xe0,0xff,0x03,0xe0,0xff,0x03,0xe0,0xff,0x03,0xe0,0xff,0x03,0xe0,0xff,0x03,0xe0,
    0xff,0x03,0xe0,0xff,0x03,0xe0,0xff,0x03,0xe0,0xff,0x03,0xe0,0xff,0x03,0xe0,0xff,
    0x03,0xe0,0xff,0x03,0xe0,0xff,0x03,0xe0,0xff,0x03,0xe0,0xff,0x03,0xe0,0xff,0x03,
    0xe0,0xff,0x03,0xe0,0xff,0x03,0xe0,0xff,0x03,0xe0,0xff,0x03,0xe0,0xff,0x03,0xe0,
    0xff,0x03,0xe0,0xff,0x03,0xe0,0xff,0x03,0xe0,0xff,0x03,0xe0,0xff,0x03,0xe0,0xff,
    0x03,0xe0,0xff,0x03,0xe0,0xff,0x03,0xe0,0xff,0x03,0xe0,0xff,0x03,0xe0,0xff,0x03,
    0xe0,0xff,0x03,0xe0,0xff,0x03,0xe0,0xff,0x03,0xe0,0xff,0x03,0xe0,0xff,0x03,0xe0,
    0xff,0x03,0xe0,0xff,0x03,0xe0,0xff,0x03,0xe0,0xff,0x03,0xe0,0xff,0x03,0xe0,0xff,
    0x03,0xe0,0xff,0x03,0xe0,0xff,0x03,0xe0,0xff,0x03,0xe0,0xff,0x03,0xe0,0xff,0x03,
    0xe0,0xff,0x03,0xe0,0xff,0x03,0xe0,0xff,0x03,0xe0,0xff,0x03,0xe0,0xff,0x03,0xe0,
    0xff,0x03,0xe0,0xff,0x03,0xe0,0xff,0x03,0xe0,0xff,0x03,0xe0,0xff,0x03,0xe0,0xff,
    0x03,0xe0,0xff,0x03,0xe0,0xff,0x03,0xe0,0xff,0x03,0xe0,0xff,0x03,0xe0,0xff,0x03,
    0xe0,0xff,0x03,0xe0,0xff,0x03,0xe0,0xff,0x03,0xe0,0xff,0x03,0xe0,0xff,0x03,0xe0,
    0xff,0x03,0xe0,0xff,0x03,0xe0,0xff,0x03,0xe0,0xff,0x03,0xe0,0xff,0x03,0xe0,0xff,
    0x03,0xe0,0xff,0x03,0xe0,0xff,0x03,0xe0,0xff,0x03,0xe0,0xff,0x03,0xe0,0xff,0x03,
    0xe0,0xff,0x03,0xe0,0xff,0x03,0xe0,0xff,0x03,0xe0,0xff,0x03,0xe0,0xff,0x03,0xe0,
    0xff,0x03,0xe0,0xff,0x03,0xe0,0xff,0x03,0xe0,0xff,0x03,0xe0,0xff,0x03,0xe0,0xff,
    0x03,0xe0,0xff,0x03,0xe0,0xff,0x03,0xe0,0xff,0x03,0xe0,0xff,0x03,0xe0,0xff,0x03,
    0xe0,0xff,0x03,0xe0,0xff,0x03,0xe0,0xff,0x03,0xe0,0xff,0x03,0xe0,0xff,0x03,0xe0,
    0xff,0x03,0xe0,0xff,0x03,0xe0,0xff,0x03,0xe0,0xff,0x03,0xe0,0xff,0x03,0xe0,0xff,
    0x03,0xe0,0xff,0x03,0xe0,0xff,0x03,0xe0,0xff,0x03,0xe0,0xff,0x03,0xe0,0xff,0x03,
    0xe0,0xff,0x03,0xe0,0xff,0x03,0xe0,0xff,0x03,0xe0,0xff,0x03,0xe0,0xff,0x03,0xe0,
    0xff,0x03,0xe0,0xff,0x03,0xe0,0xff,0x03,0xe0,0xff,0x03,0xe0,0xff,0x03,0xe0,0xff,
    0x03,0xe0,0xff,0x03,0xe0,0xff,0x03,0xe0,0xff,0x03,0xe0,0xff,0x03,0xe0,0xff,0x03,
    0xe0,0xff,0x03,0xe0,0xff,0x03,0xe0,0xff,0x03,0xe0,0xff,0x03,0xe0,0xff,0x03,0xe0,
    0xff,0x03,0xe0,0xff,0x03,0xe0,0xff,0x03,0xe0,0xff,0x03,0xe0,0xff,0x03,0xe0,0xff,
    0x03,0xe0,0xff,0x03,0xe0,0xff,0x03,0xe0,0xff,0x03,0xe0,0xff,0x03,0xe0,0xff,0x03,
    0xe0,0xff,0x03,0xe0,0xff,0x03,0xe0,0xff,0x03,0xe0,0xff,0x03,0xe0,0xff,0x03,0xe0,
    0xff,0x03,0xe0,0xff,0x03,0xe0,0xff,0x03,0xe0,0xff,0x03,0xe0,0xff,0x03,0xe0,0xff,
    0x03,0xe0,0xff,0x03,0xe0,0xff,0x03,0xe0,0xff,0x03,0xe0,0xff,0x03,0xe0,0xff,0x03,
    0xe0,0xff,0x03,0xe0,0xff,0x03,0xe0,0xff,0x03,0xe0,0xff,0x03,0xe0,0xff,0x03,0xe0,
    0xff,0x03,0xe0,0xff,0x03,0xe0,0xff,0x03,0xe0,0xff,0x03,0xe0,0xff,0x03,0xe0,0xff,
    0x03,0xe0,0xff,0x03,0xe0,0xff,0x03,0xe0,0xff,0x03,0xe0,0xff,0x03,0xe0,0xff,0x03,
    0xe0,0xff,0x03,0xe0,0xff,0x03,0xe0,0xff,0x03,0xe0,0xff,0x03,0xe0,0xff,0x03,0xe0,
    0xff,0x03,0xe0,0xff,0x03,0xe0,0xff,0x03,0xe0,0xff,0x03,0xe0,0xff,0x03,0xe0,0xff,
    0x03,0xe0,0xff,0x03,0xe0,0xff,0x03,0xe0,0xff,0x03,0xe0,0xff,0x03,0xe0,0xff,0x03,
    0xe0,0xff,0x03,0xe0,0xff,0x03,0xe0,0xff,0x03,0xe0,0xff,0x03,0xe0,0xff,0x03,0xe0,
    0xff,0x03,0xe0,0xff,0x03,0xe0,0xff,0x03,0xe0,0xff,0x03,0xe0,0xff,0x03,0xe0,0xff,
    0x03,0xe0,0xff,0x03,0xe0,0xff,0x03,0xe0,0xff,0x03,0xe0,0xff,0x03,0xe0,0xff,0x03,
    0xe0,0xff,0x03,0xe0,0xff,0x03,0xe0,0xff,0x03,0xe0,0xff,0x03,0xe0,0xff,0x03,0xe0,
    0xff,0x03,0xe0,0xff,0x03,0xe0,0xff,0x03,0xe0,0xff,0x03,0xe0,0xff,0x03,0xe0,0xff,
    0x03,0xe0,0xff,0x03,0xe0,0xff,0x03,0xe0,0xff,0x03,0xe0,0xff,0x03,0xe0,0xff,0x03,
    0xe0,0xff,0x03,0xe0,0xff,0x03,0xe0,0xff,0x03,0xe0,0xff,0x03,0xe0,0xff,0x03,0xe0,
    0x80,0xff,0xff,0x00,0x03,0xe0,0x10,0x03,0xe0,0xf0,0x03,0xe0,0xff,0x03,0xe0,0xff,
    0x03,0xe0,0xff,0x03,0xe0,0xff,0x03,0xe0,0xff,0x03,0xe0,0xff,0x03,0xe0,0xff,0x03,
    0xe0,0xff,0x03,0xe0,0xff,0x03,0xe0,0xff,0x03,0xe0,0xff,0x03,0xe0,0xff,0x03,0xe0,
    0xff,0x03,0xe0,0xff,0x03,0xe0,0xff,0x03,0xe0,0xff,0x03,0xe0,0xff,0x03,0xe0,0xff,
    0x03,0xe0,0xff,0x03,0xe0,0xff,0x03,0xe0,0xff,0x03,0xe0,0xff,0x03,0xe0,0xff,0x03,
    0xe0,0xff,0x03,0xe0,0xff,0x03,0xe0,0xff,0x03,0xe0,0xff,0x03,0xe0,0xff,0x03,0xe0,
    0xff,0x03,0xe0,0xff,0x03,0xe0,0xff,0x03,0xe0,0xff,0x03,0xe0,0xff,0x03,0xe0,0xff,
    0x03,0xe0,0xff,0x03,0xe0,0xff,0x03,0xe0,0xff,0x03,0xe0,0xff,0x03,0xe0,0xff,0x03,
    0xe0,0xff,0x03,0xe0,0xff,0x03,0xe0,0xff,0x03,0xe0,0xff,0x03,0xe0,0xff,0x03,0xe0,
    0xff,0x03,0xe0,0xff,0x03,0xe0,0xff,0x03,0xe0,0xff,0x03,0xe0,0xff,0x03,0xe0,0xff,
    0x03,0xe0,0xff,0x03,0xe0,0xff,0x03,0xe0,0xff,0x03,0xe0,0xff,0x03,0xe0,0xff,0x03,
    0xe0,0xff,0x03,0xe0,0xff,0x03,0xe0,0xff,0x03,0xe0,0xff,0x03,0xe0,0xff,0x03,0xe0,
    0xff,0x03,0xe0,0xff,0x03,0xe0,0xff,0x03,0xe0,0xff,0x03,0xe0,0xff,0x03,0xe0,0xff,
    0x03,0xe0,0xff,0x03,0xe0,0xff,0x03,0xe0,0xff,0x03,0xe0,0xff,0x03,0xe0,0xff,0x03,
    0xe0,0xff,0x03,0xe0,0xff,0x03,0xe0,0xff,0x03,0xe0,0xff,0x03,0xe0,0xff,0x03,0xe0,
    0xff,0x03,0xe0,0xff,0x03,0xe0,0xff,0x03,0xe0,0xff,0x03,0xe0,0xff,0x03,0xe0,0xff,
    0x03,0xe0,0xff,0x03,0xe0,0xff,0x03,0xe0,0xff,0x03,0xe0,0xff,0x03,0xe0,0xff,0x03,
    0xe0,0xff,0x03,0xe0,0xff,0x03,0xe0,0xff,0x03,0xe0,0xff,0x03,0xe0,0xff,0x03,0xe0,
    0xff,0x03,0xe0,0xff,0x03,0xe0,0xff,0x03,0xe0,0xff,0x03,0xe0,0xff,0x03,0xe0,0xff,
    0x03,0xe0,0xff,0x03,0xe0,0xff,0x03,0xe0,0xff,0x03,0xe0,0xff,0x03,0xe0,0xff,0x03,
    0xe0,0xff,0x03,0xe0,0xff,0x03,0xe0,0xff,0x03,0xe0,0xff,0x03,0xe0,0xff,0x03,0xe0,
    0xff,0x03,0xe0,0xff,0x03,0xe0,0xff,0x03,0xe0,0xff,0x03,0xe0,0xff,0x03,0xe0,0xff,
    0x03,0xe0,0xff,0x03,0xe0,0xff,0x03,0xe0,0xff,0x03,0xe0,0xff,0x03,0xe0,0xff,0x03,
    0xe0,0xff,0x03,0xe0,0xff,0x03,0xe0,0xff,0x03,0xe0,0xff,0x03,0xe0,0xff,0x03,0xe0,
    0xff,0x03,0xe0,0xff,0x03,0xe0,0xff,0x03,0xe0,0xff,0x03,0xe0,0xff,0x03,0xe0,0xff,
    0x03,0xe0,0xff,0x03,0xe0,0xff,0x03,0xe0,0xff,0x03,0xe0,0xff,0x03,0xe0,0xff,0x03,
    0xe0,0xff,0x03,0xe0,0xff,0x03,0xe0,0xff,0x03,0xe0,0xff,0x03,0xe0,0xff,0x03,0xe0,
    0xff,0x03,0xe0,0xff,0x03,0xe0,0xff,0x03,0xe0,0xff,0x03,0xe0,0xff,0x03,0xe0,0xff,
    0x03,0xe0,0xff,0x03,0xe0,0xff,0x03,0xe0,0xff,0x03,0xe0,0xff,0x03,0xe0,0xff,0x03,
    0xe0,0xff,0x03,0xe0,0xff,0x03,0xe0,0xff,0x03,0xe0,0xff,0x03,0xe0,0xff,0x03,0xe0,
    0xff,0x03,0xe0,0xff,0x03,0xe0,0xff,0x03,0xe0,0xff,0x03,0xe0,0xff,0x03,0xe0,0xff,
    0x03,0xe0,0xff,0x03,0xe0,0xff,0x03,0xe0,0xff,0x03,0xe0,0xff,0x03,0xe0,0xff,0x03,
    0xe0,0xff,0x03,0xe0,0xff,0x03,0xe0,0xff,0x03,0xe0,0xff,0x03,0xe0,0xff,0x03,0xe0,
    0xff,0x03,0xe0,0xff,0x03,0xe0,0xff,0x03,0xe0,0xff,0x03,0xe0,0xff,0x03,0xe0,0xff,
    0x03,0xe0,0xff,0x03,0xe0,0xff,0x03,0xe0,0xff,0x03,0xe0,0xff,0x03,0xe0,0xff,0x03,
    0xe0,0xff,0x03,0xe0,0xff,0x03,0xe0,0xff,0x03,0xe0,0xff,0x03,0xe0,0xff,0x03,0xe0,
    0xff,0x03,0xe0,0xff,0x03,0xe0,0xff,0x03,0xe0,0xff,0x03,0xe0,0xff,0x03,0xe0,0xff,
    0x03,0xe0,0xff,0x03,0xe0,0xff,0x03,0xe0,0xff,0x03,0xe0,0xff,0x03,0xe0,0xff,0x03,
    0xe0,0xff,0x03,0xe0,0xff,0x03,0xe0,0xff,0x03,0xe0,0xff,0x03,0xe0,0xff,0x03,0xe0,
    0xff,0x03,0xe0,0xff,0x03,0xe0,0xff,0x03,0xe0,0xff,0x03,0xe0,0xff,0x03,0xe0,0xff,
    0x03,0xe0,0xff,0x03,0xe0,0xff,0x03,0xe0,0xff,0x03,0xe0,0xff,0x03,0xe0,0xff,0x03,
    0xe0,0xff,0x03,0xe0,0xff,0x03,0xe0,0xff,0x03,0xe0,0xff,0x03,0xe0,0xff,0x03,0xe0,
    0xff,0x03,0xe0,0xff,0x03,0xe0,0xff,0x03,0xe0,0xff,0x03,0xe0,0xff,0x03,0xe0,0xff,
    0x03,0xe0,0xff,0x03,0xe0,0xff,0x03,0xe0,0xff,0x03,0xe0,0xff,0x03,0xe0,0xff,0x03,
    0xe0,0xff,0x03,0xe0,0xff,0x03,0xe0,0xff,0x03,0xe0,0xff,0x03,0xe0,0xff,0x03,0xe0,
    0xff,0x03,0xe0,0xff,0x03,0xe0,0xff,0x03,0xe0,0xff,0x03,0xe0,0xff,0x03,0xe0,0xff,
    0x03,0xe0,0xff,0x03,0xe0,0xff,0x03,0xe0,0xff,0x03,0xe0,0xff,0x03,0xe0,0xff,0x03,
    0xe0,0xff,0x03,0xe0,0xff,0x03,0xe0,0xff,0x03,0xe0,0xff,0x03,0xe0,0xff,0x03,0xe0,
    0xff,0x03,0xe0,0xff,0x03,0xe0,0xff,0x03,0xe0,0xff,0x03,0xe0,0xff,0x03,0xe0,0xff,
    0x03,0xe0,0xff,0x03,0xe0,0xff,0x03,0xe0,0xff,0x03,0xe0,0xff,0x03,0xe0,0xff,0x03,
    0xe0,0xff,0x03,0xe0,0xff,0x03,0xe0,0xff,0x03,0xe0,0xff,0x03,0xe0,0xff,0x03,0xe0,
    0xff,0x03,0xe0,0xff,0x03,0xe0,0xff,0x03,0xe0,0xff,0x03,0xe0,0xff,0x03,0xe0,0xff,
    0x03,0xe0,0xff,0x03,0xe0,0xff,0x03,0xe0,0xff,0x03,0xe0,0xff,0x03,0xe0,0xff,0x03,
    0xe0,0xff,0x03,0xe0,0xff,0x03,0xe0,0xff,0x03,0xe0,0xff,0x03,0xe0,0xff,0x03,0xe0,
    0xff,0x03,0xe0,0xff,0x03,0xe0,0xff,0x03,0xe0,0xff,0x03,0xe0,0xff,0x03,0xe0,0xff,
    0x03,0xe0,0xff,0x03,0xe0,0xff,0x03,0xe0,0xff,0x03,0xe0,0xff,0x03,0xe0,0xff,0x03,
    0xe0,0xff,0x03,0xe0,0xf0,0x03,0xe0,0x10,0x03,0xe0,0x60,0x03,0xe0,0xff,0x03,0xe0,
    0xff,0x03,0xe0,0xff,0x03,0xe0,0xff,0x03,0xe0,0xff,0x03,0xe0,0xff,0x03,0xe0,0xff,
    0x03,0xe0,0xff,0x03,0xe0,0xff,0x03,0xe0,0xff,0x03,0xe0,0xff,0x03,0xe0,0xff,0x03,
    0xe0,0xff,0x03,0xe0,0xff,0x03,0xe0,0xff,0x03,0xe0,0xff,0x03,0xe0,0xff,0x03,0xe0,
    0xff,0x03,0xe0,0xff,0x03,0xe0,0xff,0x03,0xe0,0xff,0x03,0xe0,0xff,0x03,0xe0,0xff,
    0x03,0xe0,0xff,0x03,0xe0,0xff,0x03,0xe0,0xff,0x03,0xe0,0xff,0x03,0xe0,0xff,0x03,
    0xe0,0xff,0x03,0xe0,0xff,0x03,0xe0,0xff,0x03,0xe0,0xff,0x03,0xe0,0xff,0x03,0xe0,
    0xff,0x03,0xe0,0xff,0x03,0xe0,0xff,0x03,0xe0,0xff,0x03,0xe0,0xff,0x03,0xe0,0xff,
    0x03,0xe0,0xff,0x03,0xe0,0xff,0x03,0xe0,0xff,0x03,0xe0,0xff,0x03,0xe0,0xff,0x03,
    0xe0,0xff,0x03,0xe0,0xff,0x03,0xe0,0xff,0x03,0xe0,0xff,0x03,0xe0,0xff,0x03,0xe0,
    0xff,0x03,0xe0,0xff,0x03,0xe0,0xff,0x03,0xe0,0xff,0x03,0xe0,0xff,0x03,0xe0,0xff,
    0x03,0xe0,0xff,0x03,0xe0,0xff,0x03,0xe0,0xff,0x03,0xe0,0xff,0x03,0xe0,0xff,0x03,
    0xe0,0xff,0x03,0xe0,0xff,0x03,0xe0,0xff,0x03,0xe0,0xff,0x03,0xe0,0xff,0x03,0xe0,
    0xff,0x03,0xe0,0xff,0x03,0xe0,0xff,0x03,0xe0,0xff,0x03,0xe0,0xff,0x03,0xe0,0xff,
    0x03,0xe0,0xff,0x03,0xe0,0xff,0x03,0xe0,0xff,0x03,0xe0,0xff,0x03,0xe0,0xff,0x03,
    0xe0,0xff,0x03,0xe0,0xff,0x03,0xe0,0xff,0x03,0xe0,0xff,0x03,0xe0,0xff,0x03,0xe0,
    0xff,0x03,0xe0,0xff,0x03,0xe0,0xff,0x03,0xe0,0xff,0x03,0xe0,0xff,0x03,0xe0,0xff,
    0x03,0xe0,0xff,0x03,0xe0,0xff,0x03,0xe0,0xff,0x03,0xe0,0xff,0x03,0xe0,0xff,0x03,
    0xe0,0xff,0x03,0xe0,0xff,0x03,0xe0,0xff,0x03,0xe0,0xff,0x03,0xe0,0xff,0x03,0xe0,
    0xff,0x03,0xe0,0xff,0x03,0xe0,0xff,0x03,0xe0,0xff,0x03,0xe0,0xff,0x03,0xe0,0xff,
    0x03,0xe0,0xff,0x03,0xe0,0xff,0x03,0xe0,0xff,0x03,0xe0,0xff,0x03,0xe0,0xff,0x03,
    0xe0,0xff,0x03,0xe0,0xff,0x03,0xe0,0xff,0x03,0xe0,0xff,0x03,0xe0,0xff,0x03,0xe0,
    0xff,0x03,0xe0,0xff,0x03,0xe0,0xff,0x03,0xe0,0xff,0x03,0xe0,0xff,0x03,0xe0,0xff,
    0x03,0xe0,0xff,0x03,0xe0,0xff,0x03,0xe0,0xff,0x03,0xe0,0xff,0x03,0xe0,0xff,0x03,
    0xe0,0xff,0x03,0xe0,0xff,0x03,0xe0,0xff,0x03,0xe0,0xff,0x03,0xe0,0xff,0x03,0xe0,
    0xff,0x03,0xe0,0xff,0x03,0xe0,0xff,0x03,0xe0,0xff,0x03,0xe0,0xff,0x03,0xe0,0xff,
    0x03,0xe0,0xff,0x03,0xe0,0xff,0x03,0xe0,0xff,0x03,0xe0,0xff,0x03,0xe0,0xff,0x03,
    0xe0,0xff,0x03,0xe0,0xff,0x03,0xe0,0xff,0x03,0xe0,0xff,0x03,0xe0,0xff,0x03,0xe0,
    0xff,0x03,0xe0,0xff,0x03,0xe0,0xff,0x03,0xe0,0xff,0x03,0xe0,0xff,0x03,0xe0,0xff,
    0x03,0xe0,0xff,0x03,0xe0,0xff,0x03,0xe0,0xff,0x03,0xe0,0xff,0x03,0xe0,0xff,0x03,
    0xe0,0xff,0x03,0xe0,0xff,0x03,0xe0,0xff,0x03,0xe0,0xff,0x03,0xe0,0xff,0x03,0xe0,
    0xff,0x03,0xe0,0xff,0x03,0xe0,0xff,0x03,0xe0,0xff,0x03,0xe0,0xff,0x03,0xe0,0xff,
    0x03,0xe0,0xff,0x03,0xe0,0xff,0x03,0xe0,0xff,0x03,0xe0,0xff,0x03,0xe0,0xff,0x03,
    0xe0,0xff,0x03,0xe0,0xff,0x03,0xe0,0xff,0x03,0xe0,0xff,0x03,0xe0,0xff,0x03,0xe0,
    0xff,0x03,0xe0,0xff,0x03,0xe0,0xff,0x03,0xe0,0xff,0x03,0xe0,0xff,0x03,0xe0,0xff,
    0x03,0xe0,0xff,0x03,0xe0,0xff,0x03,0xe0,0xff,0x03,0xe0,0xff,0x03,0xe0,0xff,0x03,
    0xe0,0xff,0x03,0xe0,0xff,0x03,0xe0,0xff,0x03,0xe0,0xff,0x03,0xe0,0xff,0x03,0xe0,
    0xff,0x03,0xe0,0xff,0x03,0xe0,0xff,0x03,0xe0,0xff,0x03,0xe0,0xff,0x03,0xe0,0xff,
    0x03,0xe0,0xff,0x03,0xe0,0xff,0x03,0xe0,0xff,0x03,0xe0,0xff,0x03,0xe0,0xff,0x03,
    0xe0,0xff,0x03,0xe0,0xff,0x03,0xe0,0xff,0x03,0xe0,0xff,0x03,0xe0,0xff,0x03,0xe0,
    0xff,0x03,0xe0,0xff,0x03,0xe0,0xff,0x03,0xe0,0xff,0x03,0xe0,0xff,0x03,0xe0,0xff,
    0x03,0xe0,0xff,0x03,0xe0,0xff,0x03,0xe0,0xff,0x03,0xe0,0xff,0x03,0xe0,0xff,0x03,
    0xe0,0xff,0x03,0xe0,0xff,0x03,0xe0,0xff,0x03,0xe0,0xff,0x03,0xe0,0xff,0x03,0xe0,
    0xff,0x03,0xe0,0xff,0x03,0xe0,0xff,0x03,0xe0,0xff,0x03,0xe0,0xff,0x03,0xe0,0xff,
    0x03,0xe0,0xff,0x03,0xe0,0xff,0x03,0xe0,0xff,0x03,0xe0,0xff,0x03,0xe0,0xff,0x03,
    0xe0,0xff,0x03,0xe0,0xff,0x03,0xe0,0xff,0x03,0xe0,0xff,0x03,0xe0,0xff,0x03,0xe0,
    0xff,0x03,0xe0,0xff,0x03,0xe0,0xff,0x03,0xe0,0xff,0x03,0xe0,0xff,0x03,0xe0,0xff,
    0x03,0xe0,0xff,0x03,0xe0,0xff,0x03,0xe0,0xff,0x03,0xe0,0xff,0x03,0xe0,0xff,0x03,
    0xe0,0xff,0x03,0xe0,0xff,0x03,0xe0,0xff,0x03,0xe0,0xff,0x03,0xe0,0xff,0x03,0xe0,
    0xff,0x03,0xe0,0xff,0x03,0xe0,0xff,0x03,0xe0,0xff,0x03,0xe0,0xff,0x03,0xe0,0xff,
    0x03,0xe0,0xff,0x03,0xe0,0xff,0x03,0xe0,0xff,0x03,0xe0,0xff,0x03,0xe0,0xff,0x03,
    0xe0,0xff,0x03,0xe0,0xff,0x03,0xe0,0xff,0x03,0xe0,0xff,0x03,0xe0,0xff,0x03,0xe0,
    0xff,0x03,0xe0,0xff,0x03,0xe0,0xff,0x03,0xe0,0xff,0x03,0xe0,0xff,0x03,0xe0,0xff,
    0x03,0xe0,0xff,0x03,0xe0,0xff,0x03,0xe0,0xff,0x03,0xe0,0xff,0x03,0xe0,0xff,0x03,
    0xe0,0xff,0x03,0xe0,0xff,0x03,0xe0,0xff,0x03,0xe0,0xff,0x03,0xe0,0xff,0x03,0xe0,
    0xff,0x03,0xe0,0xff,0x03,0xe0,0xff,0x03,0xe0,0xff,0x03,0xe0,0xff,0x03,0xe0,0xff,
    0x03,0xe0,0xff,0x03,0xe0,0xff,0x03,0xe0,0xff,0x03,0xe0,0x60,0x03,0xe0,0xb0,0x03,
    0xe0,0xff,0x03,0xe0,0xff,0x03,0xe0,0xff,0x03,0xe0,0xff,0x03,0xe0,0xff,0x03,0xe0,
    0xff,0x03,0xe0,0xff,0x03,0xe0,0xff,0x03,0xe0,0xff,0x03,0xe0,0xff,0x03,0xe0,0xff,
    0x03,0xe0,0xff,0x03,0xe0,0xff,0x03,0xe0,0xff,0x03,0xe0,0xff,0x03,0xe0,0xff,0x03,
    0xe0,0xff,0x03,0xe0,0xff,0x03,0xe0,0xff,0x03,0xe0,0xff,0x03,0xe0,0xff,0x03,0xe0,
    0xff,0x03,0xe0,0xff,0x03,0xe0,0xff,0x03,0xe0,0xff,0x03,0xe0,0xff,0x03,0xe0,0xff,
    0x03,0xe0,0xff,0x03,0xe0,0xff,0x03,0xe0,0xff,0x03,0xe0,0xff,0x03,0xe0,0xff,0x03,
    0xe0,0xff,0x03,0xe0,0xff,0x03,0xe0,0xff,0x03,0xe0,0xff,0x03,0xe0,0xff,0x03,0xe0,
    0xff,0x03,0xe0,0xff,0x03,0xe0,0xff,0x03,0xe0,0xff,0x03,0xe0,0xff,0x03,0xe0,0xff,
    0x03,0xe0,0xff,0x03,0xe0,0xff,0x03,0xe0,0xff,0x03,0xe0,0xff,0x03,0xe0,0xff,0x03,
    0xe0,0xff,0x03,0xe0,0xff,0x03,0xe0,0xff,0x03,0xe0,0xff,0x03,0xe0,0xff,0x03,0xe0,
    0xff,0x03,0xe0,0xff,0x03,0xe0,0xff,0x03,0xe0,0xff,0x03,0xe0,0xff,0x03,0xe0,0xff,
    0x03,0xe0,0xff,0x03,0xe0,0xff,0x03,0xe0,0xff,0x03,0xe0,0xff,0x03,0xe0,0xff,0x03,
    0xe0,0xff,0x03,0xe0,0xff,0x03,0xe0,0xff,0x03,0xe0,0xff,0x03,0xe0,0xff,0x03,0xe0,
    0xff,0x03,0xe0,0xff,0x03,0xe0,0xff,0x03,0xe0,0xff,0x03,0xe0,0xff,0x03,0xe0,0xff,
    0x03,0xe0,0xff,0x03,0xe0,0xff,0x03,0xe0,0xff,0x03,0xe0,0xff,0x03,0xe0,0xff,0x03,
    0xe0,0xff,0x03,0xe0,0xff,0x03,0xe0,0xff,0x03,0xe0,0xff,0x03,0xe0,0xff,0x03,0xe0,
    0xff,0x03,0xe0,0xff,0x03,0xe0,0xff,0x03,0xe0,0xff,0x03,0xe0,0xff,0x03,0xe0,0xff,
    0x03,0xe0,0xff,0x03,0xe0,0xff,0x03,0xe0,0xff,0x03,0xe0,0xff,0x03,0xe0,0xff,0x03,
    0xe0,0xff,0x03,0xe0,0xff,0x03,0xe0,0xff,0x03,0xe0,0xff,0x03,0xe0,0xff,0x03,0xe0,
    0xff,0x03,0xe0,0xff,0x03,0xe0,0xff,0x03,0xe0,0xff,0x03,0xe0,0xff,0x03,0xe0,0xff,
    0x03,0xe0,0xff,0x03,0xe0,0xff,0x03,0xe0,0xff,0x03,0xe0,0xff,0x03,0xe0,0xff,0x03,
    0xe0,0xff,0x03,0xe0,0xff,0x03,0xe0,0xff,0x03,0xe0,0xff,0x03,0xe0,0xff,0x03,0xe0,
    0xff,0x03,0xe0,0xff,0x03,0xe0,0xff,0x03,0xe0,0xff,0x03,0xe0,0xff,0x03,0xe0,0xff,
    0x03,0xe0,0xff,0x03,0xe0,0xff,0x03,0xe0,0xff,0x03,0xe0,0xff,0x03,0xe0,0xff,0x03,
    0xe0,0xff,0x03,0xe0,0xff,0x03,0xe0,0xff,0x03,0xe0,0xff,0x03,0xe0,0xff,0x03,0xe0,
    0xff,0x03,0xe0,0xff,0x03,0xe0,0xff,0x03,0xe0,0xff,0x03,0xe0,0xff,0x03,0xe0,0xff,
    0x03,0xe0,0xff,0x03,0xe0,0xff,0x03,0xe0,0xff,0x03,0xe0,0xff,0x03,0xe0,0xff,0x03,
    0xe0,0xff,0x03,0xe0,0xff,0x03,0xe0,0xff,0x03,0xe0,0xff,0x03,0xe0,0xff,0x03,0xe0,
    0xff,0x03,0xe0,0xff,0x03,0xe0,0xff,0x03,0xe0,0xff,0x03,0xe0,0xff,0x03,0xe0,0xff,
    0x03,0xe0,0xff,0x03,0xe0,0xff,0x03,0xe0,0xff,0x03,0xe0,0xff,0x03,0xe0,0xff,0x03,
    0xe0,0xff,0x03,0xe0,0xff,0x03,0xe0,0xff,0x03,0xe0,0xff,0x03,0xe0,0xff,0x03,0xe0,
    0xff,0x03,0xe0,0xff,0x03,0xe0,0xff,0x03,0xe0,0xff,0x03,0xe0,0xff,0x03,0xe0,0xff,
    0x03,0xe0,0xff,0x03,0xe0,0xff,0x03,0xe0,0xff,0x03,0xe0,0xff,0x03,0xe0,0xff,0x03,
    0xe0,0xff,0x03,0xe0,0xff,0x03,0xe0,0xff,0x03,0xe0,0xff,0x03,0xe0,0xff,0x03,0xe0,
    0xff,0x03,0xe0,0xff,0x03,0xe0,0xff,0x03,0xe0,0xff,0x03,0xe0,0xff,0x03,0xe0,0xff,
    0x03,0xe0,0xff,0x03,0xe0,0xff,0x03,0xe0,0xff,0x03,0xe0,0xff,0x03,0xe0,0xff,0x03,
    0xe0,0xff,0x03,0xe0,0xff,0x03,0xe0,0xff,0x03,0xe0,0xff,0x03,0xe0,0xff,0x03,0xe0,
    0xff,0x03,0xe0,0xff,0x03,0xe0,0xff,0x03,0xe0,0xff,0x03,0xe0,0xff,0x03,0xe0,0xff,
    0x03,0xe0,0xff,0x03,0xe0,0xff,0x03,0xe0,0xff,0x03,0xe0,0xff,0x03,0xe0,0xff,0x03,
    0xe0,0xff,0x03,0xe0,0xff,0x03,0xe0,0xff,0x03,0xe0,0xff,0x03,0xe0,0xff,0x03,0xe0,
    0xff,0x03,0xe0,0xff,0x03,0xe0,0xff,0x03,0xe0,0xff,0x03,0xe0,0xff,0x03,0xe0,0xff,
    0x03,0xe0,0xff,0x03,0xe0,0xff,0x03,0xe0,0xff,0x03,0xe0,0xff,0x03,0xe0,0xff,0x03,
    0xe0,0xff,0x03,0xe0,0xff,0x03,0xe0,0xff,0x03,0xe0,0xff,0x03,0xe0,0xff,0x03,0xe0,
    0xff,0x03,0xe0,0xff,0x03,0xe0,0xff,0x03,0xe0,0xff,0x03,0xe0,0xff,0x03,0xe0,0xff,
    0x03,0xe0,0xff,0x03,0xe0,0xff,0x03,0xe0,0xff,0x03,0xe0,0xff,0x03,0xe0,0xff,0x03,
    0xe0,0xff,0x03,0xe0,0xff,0x03,0xe0,0xff,0x03,0xe0,0xff,0x03,0xe0,0xff,0x03,0xe0,
    0xff,0x03,0xe0,0xff,0x03,0xe0,0xff,0x03,0xe0,0xff,0x03,0xe0,0xff,0x03,0xe0,0xff,
    0x03,0xe0,0xff,0x03,0xe0,0xff,0x03,0xe0,0xff,0x03,0xe0,0xff,0x03,0xe0,0xff,0x03,
    0xe0,0xff,0x03,0xe0,0xff,0x03,0xe0,0xff,0x03,0xe0,0xff,0x03,0xe0,0xff,0x03,0xe0,
    0xff,0x03,0xe0,0xff,0x03,0xe0,0xff,0x03,0xe0,0xff,0x03,0xe0,0xff,0x03,0xe0,0xff,
    0x03,0xe0,0xff,0x03,0xe0,0xff,0x03,0xe0,0xff,0x03,0xe0,0xff,0x03,0xe0,0xff,0x03,
    0xe0,0xff,0x03,0xe0,0xff,0x03,0xe0,0xff,0x03,0xe0,0xff,0x03,0xe0,0xff,0x03,0xe0,
    0xff,0x03,0xe0,0xff,0x03,0xe0,0xff,0x03,0xe0,0xff,0x03,0xe0,0xff,0x03,0xe0,0xff,
    0x03,0xe0,0xff,0x03,0xe0,0xff,0x03,0xe0,0xff,0x03,0xe0,0xff,0x03,0xe0,0xff,0x03,
    0xe0,0xff,0x03,0xe0,0xff,0x03,0xe0,0xff,0x03,0xe0,0xff,0x03,0xe0,0xff,0x03,0xe0,
    0xff,0x03,0xe0,0xff,0x03,0xe0,0xff,0x03,0xe0,0xff,0x03,0xe0,0xff,0x03,0xe0,0xb0,
    0x03,0xe0,0xe0,0x03,0xe0,0xff,0x03,0xe0,0xff,0x03,0xe0,0xff,0x03,0xe0,0xff,0x03,
    0xe0,0xff,0x03,0xe0,0xff,0x03,0xe0,0xff,0x03,0xe0,0xff,0x03,0xe0,0xff,0x03,0xe0,
    0xff,0x03,0xe0,0xff,0x03,0xe0,0xff,0x03,0xe0,0xff,0x03,0xe0,0xff,0x03,0xe0,0xff,
    0x03,0xe0,0xff,0x03,0xe0,0xff,0x03,0xe0,0xff,0x03,0xe0,0xff,0x03,0xe0,0xff,0x03,
    0xe0,0xff,0x03,0xe0,0xff,0x03,0xe0,0xff,0x03,0xe0,0xff,0x03,0xe0,0xff,0x03,0xe0,
    0xff,0x03,0xe0,0xff,0x03,0xe0,0xff,0x03,0xe0,0xff,0x03,0xe0,0xff,0x03,0xe0,0xff,
    0x03,0xe0,0xff,0x03,0xe0,0xff,0x03,0xe0,0xff,0x03,0xe0,0xff,0x03,0xe0,0xff,0x03,
    0xe0,0xff,0x03,0xe0,0xff,0x03,0xe0,0xff,0x03,0xe0,0xff,0x03,0xe0,0xff,0x03,0xe0,
    0xff,0x03,0xe0,0xff,0x03,0xe0,0xff,0x03,0xe0,0xff,0x03,0xe0,0xff,0x03,0xe0,0xff,
    0x03,0xe0,0xff,0x03,0xe0,0xff,0x03,0xe0,0xff,0x03,0xe0,0xff,0x03,0xe0,0xff,0x03,
    0xe0,0xff,0x03,0xe0,0xff,0x03,0xe0,0xff,0x03,0xe0,0xff,0x03,0xe0,0xff,0x03,0xe0,
    0xff,0x03,0xe0,0xff,0x03,0xe0,0xff,0x03,0xe0,0xff,0x03,0xe0,0xff,0x03,0xe0,0xff,
    0x03,0xe0,0xff,0x03,0xe0,0xff,0x03,0xe0,0xff,0x03,0xe0,0xff,0x03,0xe0,0xff,0x03,
    0xe0,0xff,0x03,0xe0,0xff,0x03,0xe0,0xff,0x03,0xe0,0xff,0x03,0xe0,0xff,0x03,0xe0,
    0xff,0x03,0xe0,0xff,0x03,0xe0,0xff,0x03,0xe0,0xff,0x03,0xe0,0xff,0x03,0xe0,0xff,
    0x03,0xe0,0xff,0x03,0xe0,0xff,0x03,0xe0,0xff,0x03,0xe0,0xff,0x03,0xe0,0xff,0x03,
    0xe0,0xff,0x03,0xe0,0xff,0x03,0xe0,0xff,0x03,0xe0,0xff,0x03,0xe0,0xff,0x03,0xe0,
    0xff,0x03,0xe0,0xff,0x03,0xe0,0xff,0x03,0xe0,0xff,0x03,0xe0,0xff,0x03,0xe0,0xff,
    0x03,0xe0,0xff,0x03,0xe0,0xff,0x03,0xe0,0xff,0x03,0xe0,0xff,0x03,0xe0,0xff,0x03,
    0xe0,0xff,0x03,0xe0,0xff,0x03,0xe0,0xff,0x03,0xe0,0xff,0x03,0xe0,0xff,0x03,0xe0,
    0xff,0x03,0xe0,0xff,0x03,0xe0,0xff,0x03,0xe0,0xff,0x03,0xe0,0xff,0x03,0xe0,0xff,
    0x03,0xe0,0xff,0x03,0xe0,0xff,0x03,0xe0,0xff,0x03,0xe0,0xff,0x03,0xe0,0xff,0x03,
    0xe0,0xff,0x03,0xe0,0xff,0x03,0xe0,0xff,0x03,0xe0,0xff,0x03,0xe0,0xff,0x03,0xe0,
    0xff,0x03,0xe0,0xff,0x03,0xe0,0xff,0x03,0xe0,0xff,0x03,0xe0,0xff,0x03,0xe0,0xff,
    0x03,0xe0,0xff,0x03,0xe0,0xff,0x03,0xe0,0xff,0x03,0xe0,0xff,0x03,0xe0,0xff,0x03,
    0xe0,0xff,0x03,0xe0,0xff,0x03,0xe0,0xff,0x03,0xe0,0xff,0x03,0xe0,0xff,0x03,0xe0,
    0xff,0x03,0xe0,0xff,0x03,0xe0,0xff,0x03,0xe0,0xff,0x03,0xe0,0xff,0x03,0xe0,0xff,
    0x03,0xe0,0xff,0x03,0xe0,0xff,0x03,0xe0,0xff,0x03,0xe0,0xff,0x03,0xe0,0xff,0x03,
    0xe0,0xff,0x03,0xe0,0xff,0x03,0xe0,0xff,0x03,0xe0,0xff,0x03,0xe0,0xff,0x03,0xe0,
    0xff,0x03,0xe0,0xff,0x03,0xe0,0xff,0x03,0xe0,0xff,0x03,0xe0,0xff,0x03,0xe0,0xff,
    0x03,0xe0,0xff,0x03,0xe0,0xff,0x03,0xe0,0xff,0x03,0xe0,0xff,0x03,0xe0,0xff,0x03,
    0xe0,0xff,0x03,0xe0,0xff,0x03,0xe0,0xff,0x03,0xe0,0xff,0x03,0xe0,0xff,0x03,0xe0,
    0xff,0x03,0xe0,0xff,0x03,0xe0,0xff,0x03,0xe0,0xff,0x03,0xe0,0xff,0x03,0xe0,0xff,
    0x03,0xe0,0xff,0x03,0xe0,0xff,0x03,0xe0,0xff,0x03,0xe0,0xff,0x03,0xe0,0xff,0x03,
    0xe0,0xff,0x03,0xe0,0xff,0x03,0xe0,0xff,0x03,0xe0,0xff,0x03,0xe0,0xff,0x03,0xe0,
    0xff,0x03,0xe0,0xff,0x03,0xe0,0xff,0x03,0xe0,0xff,0x03,0xe0,0xff,0x03,0xe0,0xff,
    0x03,0xe0,0xff,0x03,0xe0,0xff,0x03,0xe0,0xff,0x03,0xe0,0xff,0x03,0xe0,0xff,0x03,
    0xe0,0xff,0x03,0xe0,0xff,0x03,0xe0,0xff,0x03,0xe0,0xff,0x03,0xe0,0xff,0x03,0xe0,
    0xff,0x03,0xe0,0xff,0x03,0xe0,0xff,0x03,0xe0,0xff,0x03,0xe0,0xff,0x03,0xe0,0xff,
    0x03,0xe0,0xff,0x03,0xe0,0xff,0x03,0xe0,0xff,0x03,0xe0,0xff,0x03,0xe0,0xff,0x03,
    0xe0,0xff,0x03,0xe0,0xff,0x03,0xe0,0xff,0x03,0xe0,0xff,0x03,0xe0,0xff,0x03,0xe0,
    0xff,0x03,0xe0,0xff,0x03,0xe0,0xff,0x03,0xe0,0xff,0x03,0xe0,0xff,0x03,0xe0,0xff,
    0x03,0xe0,0xff,0x03,0xe0,0xff,0x03,0xe0,0xff,0x03,0xe0,0xff,0x03,0xe0,0xff,0x03,
    0xe0,0xff,0x03,0xe0,0xff,0x03,0xe0,0xff,0x03,0xe0,0xff,0x03,0xe0,0xff,0x03,0xe0,
    0xff,0x03,0xe0,0xff,0x03,0xe0,0xff,0x03,0xe0,0xff,0x03,0xe0,0xff,0x03,0xe0,0xff,
    0x03,0xe0,0xff,0x03,0xe0,0xff,0x03,0xe0,0xff,0x03,0xe0,0xff,0x03,0xe0,0xff,0x03,
    0xe0,0xff,0x03,0xe0,0xff,0x03,0xe0,0xff,0x03,0xe0,0xff,0x03,0xe0,0xff,0x03,0xe0,
    0xff,0x03,0xe0,0xff,0x03,0xe0,0xff,0x03,0xe0,0xff,0x03,0xe0,0xff,0x03,0xe0,0xff,
    0x03,0xe0,0xff,0x03,0xe0,0xff,0x03,0xe0,0xff,0x03,0xe0,0xff,0x03,0xe0,0xff,0x03,
    0xe0,0xff,0x03,0xe0,0xff,0x03,0xe0,0xff,0x03,0xe0,0xff,0x03,0xe0,0xff,0x03,0xe0,
    0xff,0x03,0xe0,0xff,0x03,0xe0,0xff,0x03,0xe0,0xff,0x03,0xe0,0xff,0x03,0xe0,0xff,
    0x03,0xe0,0xff,0x03,0xe0,0xff,0x03,0xe0,0xff,0x03,0xe0,0xff,0x03,0xe0,0xff,0x03,
    0xe0,0xff,0x03,0xe0,0xff,0x03,0xe0,0xff,0x03,0xe0,0xff,0x03,0xe0,0xff,0x03,0xe0,
    0xff,0x03,0xe0,0xff,0x03,0xe0,0xff,0x03,0xe0,0xff,0x03,0xe0,0xff,0x03,0xe0,0xff,
    0x03,0xe0,0xff,0x03,0xe0,0xff,0x03,0xe0,0xff,0x03,0xe0,0xff,0x03,0xe0,0xff,0x03,
    0xe0,0xff,0x03,0xe0,0xff,0x03,0xe0,0xff,0x03,0xe0,0xff,0x03,0xe0,0xff,0x03,0xe0,
    0xff,0x03,0xe0,0xe0,0x03,0xe0,0xff,0x03,0xe0,0xff,0x03,0xe0,0xff,0x03,0xe0,0xff,
    0x03,0xe0,0xff,0x03,0xe0,0xff,0x03,0xe0,0xff,0x03,0xe0,0xff,0x03,0xe0,0xff,0x03,
    0xe0,0xff,0x03,0xe0,0xff,0x03,0xe0,0xff,0x03,0xe0,0xff,0x03,0xe0,0xff,0x03,0xe0,
    0xff,0x03,0xe0,0xff,0x03,0xe0,0xff,0x03,0xe0,0xff,0x03,0xe0,0xff,0x03,0xe0,0xff,
    0x03,0xe0,0xff,0x03,0xe0,0xff,0x03,0xe0,0xff,0x03,0xe0,0xff,0x03,0xe0,0xff,0x03,
    0xe0,0xff,0x03,0xe0,0xff,0x03,0xe0,0xff,0x03,0xe0,0xff,0x03,0xe0,0xff,0x03,0xe0,
    0xff,0x03,0xe0,0xff,0x03,0xe0,0xff,0x03,0xe0,0xff,0x03,0xe0,0xff,0x03,0xe0,0xff,
    0x03,0xe0,0xff,0x03,0xe0,0xff,0x03,0xe0,0xff,0x03,0xe0,0xff,0x03,0xe0,0xff,0x03,
    0xe0,0xff,0x03,0xe0,0xff,0x03,0xe0,0xff,0x03,0xe0,0xff,0x03,0xe0,0xff,0x03,0xe0,
    0xff,0x03,0xe0,0xff,0x03,0xe0,0xff,0x03,0xe0,0xff,0x03,0xe0,0xff,0x03,0xe0,0xff,
    0x03,0xe0,0xff,0x03,0xe0,0xff,0x03,0xe0,0xff,0x03,0xe0,0xff,0x03,0xe0,0xff,0x03,
    0xe0,0xff,0x03,0xe0,0xff,0x03,0xe0,0xff,0x03,0xe0,0xff,0x03,0xe0,0xff,0x03,0xe0,
    0xff,0x03,0xe0,0xff,0x03,0xe0,0xff,0x03,0xe0,0xff,0x03,0xe0,0xff,0x03,0xe0,0xff,
    0x03,0xe0,0xff,0x03,0xe0,0xff,0x03,0xe0,0xff,0x03,0xe0,0xff,0x03,0xe0,0xff,0x03,
    0xe0,0xff,0x03,0xe0,0xff,0x03,0xe0,0xff,0x03,0xe0,0xff,0x03,0xe0,0xff,0x03,0xe0,
    0xff,0x03,0xe0,0xff,0x03,0xe0,0xff,0x03,0xe0,0xff,0x03,0xe0,0xff,0x03,0xe0,0xff,
    0x03,0xe0,0xff,0x03,0xe0,0xff,0x03,0xe0,0xff,0x03,0xe0,0xff,0x03,0xe0,0xff,0x03,
    0xe0,0xff,0x03,0xe0,0xff,0x03,0xe0,0xff,0x03,0xe0,0xff,0x03,0xe0,0xff,0x03,0xe0,
    0xff,0x03,0xe0,0xff,0x03,0xe0,0xff,0x03,0xe0,0xff,0x03,0xe0,0xff,0x03,0xe0,0xff,
    0x03,0xe0,0xff,0x03,0xe0,0xff,0x03,0xe0,0xff,0x03,0xe0,0xff,0x03,0xe0,0xff,0x03,
    0xe0,0xff,0x03,0xe0,0xff,0x03,0xe0,0xff,0x03,0xe0,0xff,0x03,0xe0,0xff,0x03,0xe0,
    0xff,0x03,0xe0,0xff,0x03,0xe0,0xff,0x03,0xe0,0xff,0x03,0xe0,0xff,0x03,0xe0,0xff,
    0x03,0xe0,0xff,0x03,0xe0,0xff,0x03,0xe0,0xff,0x03,0xe0,0xff,0x03,0xe0,0xff,0x03,
    0xe0,0xff,0x03,0xe0,0xff,0x03,0xe0,0xff,0x03,0xe0,0xff,0x03,0xe0,0xff,0x03,0xe0,
    0xff,0x03,0xe0,0xff,0x03,0xe0,0xff,0x03,0xe0,0xff,0x03,0xe0,0xff,0x03,0xe0,0xff,
    0x03,0xe0,0xff,0x03,0xe0,0xff,0x03,0xe0,0xff,0x03,0xe0,0xff,0x03,0xe0,0xff,0x03,
    0xe0,0xff,0x03,0xe0,0xff,0x03,0xe0,0xff,0x03,0xe0,0xff,0x03,0xe0,0xff,0x03,0xe0,
    0xff,0x03,0xe0,0xff,0x03,0xe0,0xff,0x03,0xe0,0xff,0x03,0xe0,0xff,0x03,0xe0,0xff,
    0x03,0xe0,0xff,0x03,0xe0,0xff,0x03,0xe0,0xff,0x03,0xe0,0xff,0x03,0xe0,0xff,0x03,
    0xe0,0xff,0x03,0xe0,0xff,0x03,0xe0,0xff,0x03,0xe0,0xff,0x03,0xe0,0xff,0x03,0xe0,
    0xff,0x03,0xe0,0xff,0x03,0xe0,0xff,0x03,0xe0,0xff,0x03,0xe0,0xff,0x03,0xe0,0xff,
    0x03,0xe0,0xff,0x03,0xe0,0xff,0x03,0xe0,0xff,0x03,0xe0,0xff,0x03,0xe0,0xff,0x03,
    0xe0,0xff,0x03,0xe0,0xff,0x03,0xe0,0xff,0x03,0xe0,0xff,0x03,0xe0,0xff,0x03,0xe0,
    0xff,0x03,0xe0,0xff,0x03,0xe0,0xff,0x03,0xe0,0xff,0x03,0xe0,0xff,0x03,0xe0,0xff,
    0x03,0xe0,0xff,0x03,0xe0,0xff,0x03,0xe0,0xff,0x03,0xe0,0xff,0x03,0xe0,0xff,0x03,
    0xe0,0xff,0x03,0xe0,0xff,0x03,0xe0,0xff,0x03,0xe0,0xff,0x03,0xe0,0xff,0x03,0xe0,
    0xff,0x03,0xe0,0xff,0x03,0xe0,0xff,0x03,0xe0,0xff,0x03,0xe0,0xff,0x03,0xe0,0xff,
    0x03,0xe0,0xff,0x03,0xe0,0xff,0x03,0xe0,0xff,0x03,0xe0,0xff,0x03,0xe0,0xff,0x03,
    0xe0,0xff,0x03,0xe0,0xff,0x03,0xe0,0xff,0x03,0xe0,0xff,0x03,0xe0,0xff,0x03,0xe0,
    0xff,0x03,0xe0,0xff,0x03,0xe0,0xff,0x03,0xe0,0xff,0x03,0xe0,0xff,0x03,0xe0,0xff,
    0x03,0xe0,0xff,0x03,0xe0,0xff,0x03,0xe0,0xff,0x03,0xe0,0xff,0x03,0xe0,0xff,0x03,
    0xe0,0xff,0x03,0xe0,0xff,0x03,0xe0,0xff,0x03,0xe0,0xff,0x03,0xe0,0xff,0x03,0xe0,
    0xff,0x03,0xe0,0xff,0x03,0xe0,0xff,0x03,0xe0,0xff,0x03,0xe0,0xff,0x03,0xe0,0xff,
    0x03,0xe0,0xff,0x03,0xe0,0xff,0x03,0xe0,0xff,0x03,0xe0,0xff,0x03,0xe0,0xff,0x03,
    0xe0,0xff,0x03,0xe0,0xff,0x03,0xe0,0xff,0x03,0xe0,0xff,0x03,0xe0,0xff,0x03,0xe0,
    0xff,0x03,0xe0,0xff,0x03,0xe0,0xff,0x03,0xe0,0xff,0x03,0xe0,0xff,0x03,0xe0,0xff,
    0x03,0xe0,0xff,0x03,0xe0,0xff,0x03,0xe0,0xff,0x03,0xe0,0xff,0x03,0xe0,0xff,0x03,
    0xe0,0xff,0x03,0xe0,0xff,0x03,0xe0,0xff,0x03,0xe0,0xff,0x03,0xe0,0xff,0x03,0xe0,
    0xff,0x03,0xe0,0xff,0x03,0xe0,0xff,0x03,0xe0,0xff,0x03,0xe0,0xff,0x03,0xe0,0xff,
    0x03,0xe0,0xff,0x03,0xe0,0xff,0x03,0xe0,0xff,0x03,0xe0,0xff,0x03,0xe0,0xff,0x03,
    0xe0,0xff,0x03,0xe0,0xff,0x03,0xe0,0xff,0x03,0xe0,0xff,0x03,0xe0,0xff,0x03,0xe0,
    0xff,0x03,0xe0,0xff,0x03,0xe0,0xff,0x03,0xe0,0xff,0x03,0xe0,0xff,0x03,0xe0,0xff,
    0x03,0xe0,0xff,0x03,0xe0,0xff,0x03,0xe0,0xff,0x03,0xe0,0xff,0x03,0xe0,0xff,0x03,
    0xe0,0xff,0x03,0xe0,0xff,0x03,0xe0,0xff,0x03,0xe0,0xff,0x03,0xe0,0xff,0x03,0xe0,
    0xff,0x03,0xe0,0xff,0x03,0xe0,0xff,0x03,0xe0,0xff,0x03,0xe0,0xff,0x03,0xe0,0xff,
    0x03,0xe0,0xff,0x03,0xe0,0xff,0x03,0xe0,0xff,0x03,0xe0,0xff,0x03,0xe0,0xff,0x03,
    0xe0,0xff,0x03,0xe0,0xff,0x03,0xe0,0xff,0x03,0xe0,0xff,0x03,0xe0,0xff,0x03,0xe0,
    0xff,0x03,0xe0,0xff,0x03,0xe0,0xff,0x03,0xe0,0xff,0x03,0xe0,0xff,0x03,0xe0,0xff,
    0x03,0xe0,0xff,0x03,0xe0,0xff,0x03,0xe0,0xff,0x03,0xe0,0xff,0x03,0xe0,0xff,0x03,
    0xe0,0xff,0x03,0xe0,0xff,0x03,0xe0,0xff,0x03,0xe0,0xff,0x03,0xe0,0xff,0x03,0xe0,
    0xff,0x03,0xe0,0xff,0x03,0xe0,0xff,0x03,0xe0,0xff,0x03,0xe0,0xff,0x03,0xe0,0xff,
    0x03,0xe0,0xff,0x03,0xe0,0xff,0x03,0xe0,0xff,0x03,0xe0,0xff,0x03,0xe0,0xff,0x03,
    0xe0,0xff,0x03,0xe0,0xff,0x03,0xe0,0xff,0x03,0xe0,0xff,0x03,0xe0,0xff,0x03,0xe0,
    0xff,0x03,0xe0,0xff,0x03,0xe0,0xff,0x03,0xe0,0xff,0x03,0xe0,0xff,0x03,0xe0,0xff,
    0x03,0xe0,0xff,0x03,0xe0,0xff,0x03,0xe0,0xff,0x03,0xe0,0xff,0x03,0xe0,0xff,0x03,
    0xe0,0xff,0x03,0xe0,0xff,0x03,0xe0,0xff,0x03,0xe0,0xff,0x03,0xe0,0xff,0x03,0xe0,
    0xff,0x03,0xe0,0xff,0x03,0xe0,0xff,0x03,0xe0,0xff,0x03,0xe0,0xff,0x03,0xe0,0xff,
    0x03,0xe0,0xff,0x03,0xe0,0xff,0x03,0xe0,0xff,0x03,0xe0,0xff,0x03,0xe0,0xff,0x03,
    0xe0,0xff,0x03,0xe0,0xff,0x03,0xe0,0xff,0x03,0xe0,0xff,0x03,0xe0,0xff,0x03,0xe0,
    0xff,0x03,0xe0,0xff,0x03,0xe0,0xff,0x03,0xe0,0xff,0x03,0xe0,0xff,0x03,0xe0,0xff,
    0x03,0xe0,0xff,0x03,0xe0,0xff,0x03,0xe0,0xff,0x03,0xe0,0xff,0x03,0xe0,0xff,0x03,
    0xe0,0xff,0x03,0xe0,0xff,0x03,0xe0,0xff,0x03,0xe0,0xff,0x03,0xe0,0xff,0x03,0xe0,
    0xff,0x03,0xe0,0xff,0x03,0xe0,0xff,0x03,0xe0,0xff,0x03,0xe0,0xff,0x03,0xe0,0xff,
    0x03,0xe0,0xff,0x03,0xe0,0xff,0x03,0xe0,0xff,0x03,0xe0,0xff,0x03,0xe0,0xff,0x03,
    0xe0,0xff,0x03,0xe0,0xff,0x03,0xe0,0xff,0x03,0xe0,0xff,0x03,0xe0,0xff,0x03,0xe0,
    0xff,0x03,0xe0,0xff,0x03,0xe0,0xff,0x03,0xe0,0xff,0x03,0xe0,0xff,0x03,0xe0,0xff,
    0x03,0xe0,0xff,0x03,0xe0,0xff,0x03,0xe0,0xff,0x03,0xe0,0xff,0x03,0xe0,0xff,0x03,
    0xe0,0xff,0x03,0xe0,0xff,0x03,0xe0,0xff,0x03,0xe0,0xff,0x03,0xe0,0xff,0x03,0xe0,
    0xff,0x03,0xe0,0xff,0x03,0xe0,0xff,0x03,0xe0,0xff,0x03,0xe0,0xff,0x03,0xe0,0xff,
    0x03,0xe0,0xff,0x03,0xe0,0xff,0x03,0xe0,0xff,0x03,0xe0,0xff,0x03,0xe0,0xff,0x03,
    0xe0,0xff,0x03,0xe0,0xff,0x03,0xe0,0xff,0x03,0xe0,0xff,0x03,0xe0,0xff,0x03,0xe0,
    0xff,0x03,0xe0,0xff,0x03,0xe0,0xff,0x03,0xe0,0xff,0x03,0xe0,0xff,0x03,0xe0,0xff,
    0x03,0xe0,0xff,0x03,0xe0,0xff,0x03,0xe0,0xff,0x03,0xe0,0xff,0x03,0xe0,0xff,0x03,
    0xe0,0xff,0x03,0xe0,0xff,0x03,0xe0,0xff,0x03,0xe0,0xff,0x03,0xe0,0xff,0x03,0xe0,
    0xff,0x03,0xe0,0xff,0x03,0xe0,0xff,0x03,0xe0,0xff,0x03,0xe0,0xff,0x03,0xe0,0xff,
    0x03,0xe0,0xff,0x03,0xe0,0xff,0x03,0xe0,0xff,0x03,0xe0,0xff,0x03,0xe0,0xff,0x03,
    0xe0,0xff,0x03,0xe0,0xff,0x03,0xe0,0xff,0x03,0xe0,0xff,0x03,0xe0,0xff,0x03,0xe0,
    0xff,0x03,0xe0,0xff,0x03,0xe0,0xff,0x03,0xe0,0xff,0x03,0xe0,0xff,0x03,0xe0,0xff,
    0x03,0xe0,0xff,0x03,0xe0,0xff,0x03,0xe0,0xff,0x03,0xe0,0xff,0x03,0xe0,0xff,0x03,
    0xe0,0xff,0x03,0xe0,0xff,0x03,0xe0,0xff,0x03,0xe0,0xff,0x03,0xe0,0xff,0x03,0xe0,
    0xff,0x03,0xe0,0xff,0x03,0xe0,0xff,0x03,0xe0,0xff,0x03,0xe0,0xff,0x03,0xe0,0xff,
    0x03,0xe0,0xff,0x03,0xe0,0xff,0x03,0xe0,0xff,0x03,0xe0,0xff,0x03,0xe0,0xff,0x03,
    0xe0,0xff,0x03,0xe0,0xff,0x03,0xe0,0xff,0x03,0xe0,0xff,0x03,0xe0,0xff,0x03,0xe0,
    0xff,0x03,0xe0,0xff,0x03,0xe0,0xff,0x03,0xe0,0xff,0x03,0xe0,0xff,0x03,0xe0,0xff,
    0x03,0xe0,0xff,0x03,0xe0,0xff,0x03,0xe0,0xff,0x03,0xe0,0xff,0x03,0xe0,0xff,0x03,
    0xe0,0xff,0x03,0xe0,0xff,0x03,0xe0,0xff,0x03,0xe0,0xff,0x03,0xe0,0xff,0x03,0xe0,
    0xff,0x03,0xe0,0xff,0x03,0xe0,0xff,0x03,0xe0,0xff,0x03,0xe0,0xff,0x03,0xe0,0xff,
    0x03,0xe0,0xff,0x03,0xe0,0xff,0x03,0xe0,0xff,0x03,0xe0,0xff,0x03,0xe0,0xff,0x03,
    0xe0,0xff,0x03,0xe0,0xff,0x03,0xe0,0xff,0x03,0xe0,0xff,0x03,0xe0,0xff,0x03,0xe0,
    0xff,0x03,0xe0,0xff,0x03,0xe0,0xff,0x03,0xe0,0xff,0x03,0xe0,0xff,0x03,0xe0,0xff,
    0x03,0xe0,0xff,0x03,0xe0,0xff,0x03,0xe0,0xff,0x03,0xe0,0xff,0x03,0xe0,0xff,0x03,
    0xe0,0xff,0x03,0xe0,0xff,0x03,0xe0,0xff,0x03,0xe0,0xff,0x03,0xe0,0xff,0x03,0xe0,
    0xff,0x03,0xe0,0xff,0x03,0xe0,0xff,0x03,0xe0,0xff,0x03,0xe0,0xff,0x03,0xe0,0xff,
    0x03,0xe0,0xff,0x03,0xe0,0xff,0x03,0xe0,0xff,0x03,0xe0,0xff,0x03,0xe0,0xff,0x03,
    0xe0,0xff,0x03,0xe0,0xff,0x03,0xe0,0xff,0x03,0xe0,0xff,0x03,0xe0,0xff,0x03,0xe0,
    0xff,0x03,0xe0,0xff,0x03,0xe0,0xff,0x03,0xe0,0xff,0x03,0xe0,0xff,0x03,0xe0,0xff,
    0x03,0xe0,0xff,0x03,0xe0,0xff,0x03,0xe0,0xff,0x03,0xe0,0xff,0x03,0xe0,0xff,0x03,
    0xe0,0xff,0x03,0xe0,0xff,0x03,0xe0,0xff,0x03,0xe0,0xff,0x03,0xe0,0xff,0x03,0xe0,
    0xff,0x03,0xe0,0xff,0x03,0xe0,0xff,0x03,0xe0,0xff,0x03,0xe0,0xff,0x03,0xe0,0xff,
    0x03,0xe0,0xff,0x03,0xe0,0xff,0x03,0xe0,0xff,0x03,0xe0,0xff,0x03,0xe0,0xff,0x03,
    0xe0,0xff,0x03,0xe0,0xff,0x03,0xe0,0xff,0x03,0xe0,0xff,0x03,0xe0,0xff,0x03,0xe0,
    0xff,0x03,0xe0,0xff,0x03,0xe0,0xff,0x03,0xe0,0xff,0x03,0xe0,0xff,0x03,0xe0,0xff,
    0x03,0xe0,0xff,0x03,0xe0,0xff,0x03,0xe0,0xff,0x03,0xe0,0xff,0x03,0xe0,0xff,0x03,
    0xe0,0xff,0x03,0xe0,0xff,0x03,0xe0,0xff,0x03,0xe0,0xff,0x03,0xe0,0xff,0x03,0xe0,
    0xff,0x03,0xe0,0xff,0x03,0xe0,0xff,0x03,0xe0,0xff,0x03,0xe0,0xff,0x03,0xe0,0xff,
    0x03,0xe0,0xff,0x03,0xe0,0xff,0x03,0xe0,0xff,0x03,0xe0,0xff,0x03,0xe0,0xff,0x03,
    0xe0,0xff,0x03,0xe0,0xff,0x03,0xe0,0xff,0x03,0xe0,0xff,0x03,0xe0,0xff,0x03,0xe0,
    0xff,0x03,0xe0,0xff,0x03,0xe0,0xff,0x03,0xe0,0xff,0x03,0xe0,0xff,0x03,0xe0,0xff,
    0x03,0xe0,0xff,0x03,0xe0,0xff,0x03,0xe0,0xff,0x03,0xe0,0xff,0x03,0xe0,0xff,0x03,
    0xe0,0xff,0x03,0xe0,0xff,0x03,0xe0,0xff,0x03,0xe0,0xff,0x03,0xe0,0xff,0x03,0xe0,
    0xff,0x03,0xe0,0xff,0x03,0xe0,0xff,0x03,0xe0,0xff,0x03,0xe0,0xff,0x03,0xe0,0xff,
    0x03,0xe0,0xff,0x03,0xe0,0xff,0x03,0xe0,0xff,0x03,0xe0,0xff,0x03,0xe0,0xff,0x03,
    0xe0,0xff,0x03,0xe0,0xff,0x03,0xe0,0xff,0x03,0xe0,0xff,0x03,0xe0,0xff,0x03,0xe0,
    0xff,0x03,0xe0,0xff,0x03,0xe0,0xff,0x03,0xe0,0xff,0x03,0xe0,0xff,0x03,0xe0,0xff,
    0x03,0xe0,0xff,0x03,0xe0,0xff,0x03,0xe0,0xff,0x03,0xe0,0xff,0x03,0xe0,0xff,0x03,
    0xe0,0xff,0x03,0xe0,0xff,0x03,0xe0,0xff,0x03,0xe0,0xff,0x03,0xe0,0xff,0x03,0xe0,
    0xff,0x03,0xe0,0xff,0x03,0xe0,0xff,0x03,0xe0,0xff,0x03,0xe0,0xff,0x03,0xe0,0xff,
    0x03,0xe0,0xff,0x03,0xe0,0xff,0x03,0xe0,0xff,0x03,0xe0,0xff,0x03,0xe0,0xff,0x03,
    0xe0,0xff,0x03,0xe0,0xff,0x03,0xe0,0xff,0x03,0xe0,0xff,0x03,0xe0,0xff,0x03,0xe0,
    0xff,0x03,0xe0,0xff,0x03,0xe0,0xff,0x03,0xe0,0xff,0x03,0xe0,0xff,0x03,0xe0,0xff,
    0x03,0xe0,0xff,0x03,0xe0,0xff,0x03,0xe0,0xff,0x03,0xe0,0xff,0x03,0xe0,0xff,0x03,
    0xe0,0xff,0x03,0xe0,0xff,0x03,0xe0,0xff,0x03,0xe0,0xff,0x03,0xe0,0xff,0x03,0xe0,
    0xff,0x03,0xe0,0xff,0x03,0xe0,0xff,0x03,0xe0,0xff,0x03,0xe0,0xff,0x03,0xe0,0xff,
    0x03,0xe0,0xff,0x03,0xe0,0xff,0x03,0xe0,0xff,0x03,0xe0,0xff,0x03,0xe0,0xff,0x03,
    0xe0,0xff,0x03,0xe0,0xff,0x03,0xe0,0xff,0x03,0xe0,0xff,0x03,0xe0,0xff,0x03,0xe0,
    0xff,0x03,0xe0,0xff,0x03,0xe0,0xff,0x03,0xe0,0xff,0x03,0xe0,0xff,0x03,0xe0,0xff,
    0x03,0xe0,0xff,0x03,0xe0,0xff,0x03,0xe0,0xff,0x03,0xe0,0xff,0x03,0xe0,0xff,0x03,
    0xe0,0xff,0x03,0xe0,0xff,0x03,0xe0,0xff,0x03,0xe0,0xff,0x03,0xe0,0xff,0x03,0xe0,
    0xff,0x03,0xe0,0xff,0x03,0xe0,0xff,0x03,0xe0,0xff,0x03,0xe0,0xff,0x03,0xe0,0xff,
    0x03,0xe0,0xff,0x03,0xe0,0xff,0x03,0xe0,0xff,0x03,0xe0,0xff,0x03,0xe0,0xff,0x03,
    0xe0,0xff,0x03,0xe0,0xff,0x03,0xe0,0xff,0x03,0xe0,0xff,0x03,0xe0,0xff,0x03,0xe0,
    0xff,0x03,0xe0,0xff,0x03,0xe0,0xff,0x03,0xe0,0xff,0x03,0xe0,0xff,0x03,0xe0,0xff,
    0x03,0xe0,0xff,0x03,0xe0,0xff,0x03,0xe0,0xff,0x03,0xe0,0xff,0x03,0xe0,0xff,0x03,
    0xe0,0xff,0x03,0xe0,0xff,0x03,0xe0,0xff,0x03,0xe0,0xff,0x03,0xe0,0xff,0x03,0xe0,
    0xff,0x03,0xe0,0xff,0x03,0xe0,0xff,0x03,0xe0,0xff,0x03,0xe0,0xff,0x03,0xe0,0xff,
    0x03,0xe0,0xff,0x03,0xe0,0xff,0x03,0xe0,0xff,0x03,0xe0,0xff,0x03,0xe0,0xff,0x03,
    0xe0,0xff,0x03,0xe0,0xff,0x03,0xe0,0xff,0x03,0xe0,0xff,0x03,0xe0,0xff,0x03,0xe0,
    0xff,0x03,0xe0,0xff,0x03,0xe0,0xff,0x03,0xe0,0xff,0x03,0xe0,0xff,0x03,0xe0,0xff,
    0x03,0xe0,0xff,0x03,0xe0,0xff,0x03,0xe0,0xff,0x03,0xe0,0xff,0x03,0xe0,0xff,0x03,
    0xe0,0xff,0x03,0xe0,0xff,0x03,0xe0,0xff,0x03,0xe0,0xff,0x03,0xe0,0xff,0x03,0xe0,
    0xff,0x03,0xe0,0xff,0x03,0xe0,0xff,0x03,0xe0,0xff,0x03,0xe0,0xff,0x03,0xe0,0xff,
    0x03,0xe0,0xff,0x03,0xe0,0xff,0x03,0xe0,0xff,0x03,0xe0,0xff,0x03,0xe0,0xff,0x03,
    0xe0,0xff,0x03,0xe0,0xff,0x03,0xe0,0xff,0x03,0xe0,0xff,0x03,0xe0,0xff,0x03,0xe0,
    0xff,0x03,0xe0,0xff,0x03,0xe0,0xff,0x03,0xe0,0xff,0x03,0xe0,0xff,0x03,0xe0,0xff,
    0x03,0xe0,0xff,0x03,0xe0,0xff,0x03,0xe0,0xff,0x03,0xe0,0xff,0x03,0xe0,0xff,0x03,
    0xe0,0xff,0x03,0xe0,0xff,0x03,0xe0,0xff,0x03,0xe0,0xff,0x03,0xe0,0xff,0x03,0xe0,
    0xff,0x03,0xe0,0xff,0x03,0xe0,0xff,0x03,0xe0,0xff,0x03,0xe0,0xff,0x03,0xe0,0xff,
    0x03,0xe0,0xff,0x03,0xe0,0xff,0x03,0xe0,0xff,0x03,0xe0,0xff,0x03,0xe0,0xff,0x03,
    0xe0,0xff,0x03,0xe0,0xff,0x03,0xe0,0xff,0x03,0xe0,0xff,0x03,0xe0,0xff,0x03,0xe0,
    0xff,0x03,0xe0,0xff,0x03,0xe0,0xff,0x03,0xe0,0xff,0x03,0xe0,0xff,0x03,0xe0,0xff,
    0x03,0xe0,0xff,0x03,0xe0,0xff,0x03,0xe0,0xff,0x03,0xe0,0xff,0x03,0xe0,0xff,0x03,
    0xe0,0xff,0x03,0xe0,0xff,0x03,0xe0,0xff,0x03,0xe0,0xff,0x03,0xe0,0xff,0x03,0xe0,
    0xff,0x03,0xe0,0xff,0x03,0xe0,0xff,0x03,0xe0,0xff,0x03,0xe0,0xff,0x03,0xe0,0xff,
    0x03,0xe0,0xff,0x03,0xe0,0xff,0x03,0xe0,0xff,0x03,0xe0,0xff,0x03,0xe0,0xff,0x03,
    0xe0,0xff,0x03,0xe0,0xff,0x03,0xe0,0xff,0x03,0xe0,0xff,0x03,0xe0,0xff,0x03,0xe0,
    0xff,0x03,0xe0,0xff,0x03,0xe0,0xff,0x03,0xe0,0xff,0x03,0xe0,0xff,0x03,0xe0,0xff,
    0x03,0xe0,0xff,0x03,0xe0,0xff,0x03,0xe0,0xff,0x03,0xe0,0xff,0x03,0xe0,0xff,0x03,
    0xe0,0xff,0x03,0xe0,0xff,0x03,0xe0,0xff,0x03,0xe0,0xff,0x03,0xe0,0xff,0x03,0xe0,
    0xff,0x03,0xe0,0xff,0x03,0xe0,0xff,0x03,0xe0,0xff,0x03,0xe0,0xff,0x03,0xe0,0xff,
    0x03,0xe0,0xff,0x03,0xe0,0xff,0x03,0xe0,0xff,0x03,0xe0,0xff,0x03,0xe0,0xff,0x03,
    0xe0,0xff,0x03,0xe0,0xff,0x03,0xe0,0xff,0x03,0xe0,0xff,0x03,0xe0,0xff,0x03,0xe0,
    0xff,0x03,0xe0,0xff,0x03,0xe0,0xff,0x03,0xe0,0xff,0x03,0xe0,0xff,0x03,0xe0,0xff,
    0x03,0xe0,0xff,0x03,0xe0,0xff,0x03,0xe0,0xff,0x03,0xe0,0xff,0x03,0xe0,0xff,0x03,
    0xe0,0xff,0x03,0xe0,0xff,0x03,0xe0,0xff,0x03,0xe0,0xff,0x03,0xe0,0xff,0x03,0xe0,
    0xff,0x03,0xe0,0xff,0x03,0xe0,0xff,0x03,0xe0,0xff,0x03,0xe0,0xff,0x03,0xe0,0xff,
    0x03,0xe0,0xff,0x03,0xe0,0xff,0x03,0xe0,0xff,0x03,0xe0,0xff,0x03,0xe0,0xff,0x03,
    0xe0,0xff,0x03,0xe0,0xff,0x03,0xe0,0xff,0x03,0xe0,0xff,0x03,0xe0,0xff,0x03,0xe0,
    0xff,0x03,0xe0,0xff,0x03,0xe0,0xff,0x03,0xe0,0xff,0x03,0xe0,0xff,0x03,0xe0,0xff,
    0x03,0xe0,0xff,0x03,0xe0,0xff,0x03,0xe0,0xff,0x03,0xe0,0xff,0x03,0xe0,0xff,0x03,
    0xe0,0xff,0x03,0xe0,0xff,0x03,0xe0,0xff,0x03,0xe0,0xff,0x03,0xe0,0xff,0x03,0xe0,
    0xff,0x03,0xe0,0xff,0x03,0xe0,0xff,0x03,0xe0,0xff,0x03,0xe0,0xff,0x03,0xe0,0xff,
    0x03,0xe0,0xff,0x03,0xe0,0xff,0x03,0xe0,0xff,0x03,0xe0,0xff,0x03,0xe0,0xff,0x03,
    0xe0,0xff,0x03,0xe0,0xff,0x03,0xe0,0xff,0x03,0xe0,0xff,0x03,0xe0,0xff,0x03,0xe0,
    0xff,0x03,0xe0,0xff,0x03,0xe0,0xff,0x03,0xe0,0xff,0x03,0xe0,0xff,0x03,0xe0,0xff,
    0x03,0xe0,0xff,0x03,0xe0,0xff,0x03,0xe0,0xff,0x03,0xe0,0xff,0x03,0xe0,0xff,0x03,
    0xe0,0xff,0x03,0xe0,0xff,0x03,0xe0,0xff,0x03,0xe0,0xff,0x03,0xe0,0xff,0x03,0xe0,
    0xff,0x03,0xe0,0xff,0x03,0xe0,0xff,0x03,0xe0,0xff,0x03,0xe0,0xff,0x03,0xe0,0xff,
    0x03,0xe0,0xff,0x03,0xe0,0xff,0x03,0xe0,0xff,0x03,0xe0,0xff,0x03,0xe0,0xff,0x03,
    0xe0,0xff,0x03,0xe0,0xff,0x03,0xe0,0xff,0x03,0xe0,0xff,0x03,0xe0,0xff,0x03,0xe0,
    0xff,0x03,0xe0,0xff,0x03,0xe0,0xff,0x03,0xe0,0xff,0x03,0xe0,0xff,0x03,0xe0,0xff,
    0x03,0xe0,0xff,0x03,0xe0,0xff,0x03,0xe0,0xff,0x03,0xe0,0xff,0x03,0xe0,0xff,0x03,
    0xe0,0xff,0x03,0xe0,0xff,0x03,0xe0,0xff,0x03,0xe0,0xff,0x03,0xe0,0xff,0x03,0xe0,
    0xff,0x03,0xe0,0xff,0x03,0xe0,0xff,0x03,0xe0,0xff,0x03,0xe0,0xff,0x03,0xe0,0xff,
    0x03,0xe0,0xff,0x03,0xe0,0xff,0x03,0xe0,0xff,0x03,0xe0,0xff,0x03,0xe0,0xff,0x03,
    0xe0,0xff,0x03,0xe0,0xff,0x03,0xe0,0xff,0x03,0xe0,0xff,0x03,0xe0,0xff,0x03,0xe0,
    0xff,0x03,0xe0,0xff,0x03,0xe0,0xff,0x03,0xe0,0xff,0x03,0xe0,0xff,0x03,0xe0,0xff,
    0x03,0xe0,0xff,0x03,0xe0,0xff,0x03,0xe0,0xff,0x03,0xe0,0xff,0x03,0xe0,0xff,0x03,
    0xe0,0xff,0x03,0xe0,0xff,0x03,0xe0,0xff,0x03,0xe0,0xff,0x03,0xe0,0xff,0x03,0xe0,
    0xff,0x03,0xe0,0xff,0x03,0xe0,0xff,0x03,0xe0,0xff,0x03,0xe0,0xff,0x03,0xe0,0xff,
    0x03,0xe0,0xff,0x03,0xe0,0xff,0x03,0xe0,0xff,0x03,0xe0,0xff,0x03,0xe0,0xff,0x03,
    0xe0,0xff,0x03,0xe0,0xff,0x03,0xe0,0xff,0x03,0xe0,0xff,0x03,0xe0,0xff,0x03,0xe0,
    0xff,0x03,0xe0,0xff,0x03,0xe0,0xff,0x03,0xe0,0xff,0x03,0xe0,0xff,0x03,0xe0,0xff,
    0x03,0xe0,0xff,0x03,0xe0,0xff,0x03,0xe0,0xff,0x03,0xe0,0xff,0x03,0xe0,0xff,0x03,
    0xe0,0xff,0x03,0xe0,0xff,0x03,0xe0,0xff,0x03,0xe0,0xff,0x03,0xe0,0xff,0x03,0xe0,
    0xff,0x03,0xe0,0xff,0x03,0xe0,0xff,0x03,0xe0,0xff,0x03,0xe0,0xff,0x03,0xe0,0xff,
    0x03,0xe0,0xff,0x03,0xe0,0xff,0x03,0xe0,0xff,0x03,0xe0,0xff,0x03,0xe0,0xff,0x03,
    0xe0,0xff,0x03,0xe0,0xff,0x03,0xe0,0xff,0x03,0xe0,0xff,0x03,0xe0,0xff,0x03,0xe0,
    0xff,0x03,0xe0,0xff,0x03,0xe0,0xff,0x03,0xe0,0xff,0x03,0xe0,0xff,0x03,0xe0,0xff,
    0x03,0xe0,0xff,0x03,0xe0,0xff,0x03,0xe0,0xff,0x03,0xe0,0xff,0x03,0xe0,0xff,0x03,
    0xe0,0xff,0x03,0xe0,0xff,0x03,0xe0,0xff,0x03,0xe0,0xff,0x03,0xe0,0xff,0x03,0xe0,
    0xff,0x03,0xe0,0xff,0x03,0xe0,0xff,0x03,0xe0,0xff,0x03,0xe0,0xff,0x03,0xe0,0xff,
    0x03,0xe0,0xff,0x03,0xe0,0xff,0x03,0xe0,0xff,0x03,0xe0,0xff,0x03,0xe0,0xff,0x03,
    0xe0,0xff,0x03,0xe0,0xff,0x03,0xe0,0xff,0x03,0xe0,0xff,0x03,0xe0,0xff,0x03,0xe0,
    0xff,0x03,0xe0,0xff,0x03,0xe0,0xff,0x03,0xe0,0xff,0x03,0xe0,0xff,0x03,0xe0,0xff,
    0x03,0xe0,0xff,0x03,0xe0,0xff,0x03,0xe0,0xff,0x03,0xe0,0xff,0x03,0xe0,0xff,0x03,
    0xe0,0xff,0x03,0xe0,0xff,0x03,0xe0,0xff,0x03,0xe0,0xff,0x03,0xe0,0xff,0x03,0xe0,
    0xff,0x03,0xe0,0xff,0x03,0xe0,0xff,0x03,0xe0,0xff,0x03,0xe0,0xff,0x03,0xe0,0xff,
    0x03,0xe0,0xff,0x03,0xe0,0xff,0x03,0xe0,0xff,0x03,0xe0,0xff,0x03,0xe0,0xff,0x03,
    0xe0,0xff,0x03,0xe0,0xff,0x03,0xe0,0xff,0x03,0xe0,0xff,0x03,0xe0,0xff,0x03,0xe0,
    0xff,0x03,0xe0,0xff,0x03,0xe0,0xff,0x03,0xe0,0xff,0x03,0xe0,0xff,0x03,0xe0,0xff,
    0x03,0xe0,0xff,0x03,0xe0,0xff,0x03,0xe0,0xff,0x03,0xe0,0xff,0x03,0xe0,0xff,0x03,
    0xe0,0xff,0x03,0xe0,0xff,0x03,0xe0,0xff,0x03,0xe0,0xff,0x03,0xe0,0xff,0x03,0xe0,
    0xff,0x03,0xe0,0xff,0x03,0xe0,0xff,0x03,0xe0,0xff,0x03,0xe0,0xff,0x03,0xe0,0xff,
    0x03,0xe0,0xff,0x03,0xe0,0xff,0x03,0xe0,0xff,0x03,0xe0,0xff,0x03,0xe0,0xff,0x03,
    0xe0,0xff,0x03,0xe0,0xff,0x03,0xe0,0xff,0x03,0xe0,0xff,0x03,0xe0,0xff,0x03,0xe0,
    0xff,0x03,0xe0,0xff,0x03,0xe0,0xff,0x03,0xe0,0xff,0x03,0xe0,0xff,0x03,0xe0,0xff,
    0x03,0xe0,0xff,0x03,0xe0,0xff,0x03,0xe0,0xff,0x03,0xe0,0xff,0x03,0xe0,0xff,0x03,
    0xe0,0xff,0x03,0xe0,0xff,0x03,0xe0,0xff,0x03,0xe0,0xff,0x03,0xe0,0xff,0x03,0xe0,
    0xff,0x03,0xe0,0xff,0x03,0xe0,0xff,0x03,0xe0,0xff,0x03,0xe0,0xff,0x03,0xe0,0xff,
    0x03,0xe0,0xff,0x03,0xe0,0xff,0x03,0xe0,0xff,0x03,0xe0,0xff,0x03,0xe0,0xff,0x03,
    0xe0,0xff,0x03,0xe0,0xff,0x03,0xe0,0xff,0x03,0xe0,0xff,0x03,0xe0,0xff,0x03,0xe0,
    0xff,0x03,0xe0,0xff,0x03,0xe0,0xff,0x03,0xe0,0xff,0x03,0xe0,0xff,0x03,0xe0,0xff,
    0x03,0xe0,0xff,0x03,0xe0,0xff,0x03,0xe0,0xff,0x03,0xe0,0xff,0x03,0xe0,0xff,0x03,
    0xe0,0xff,0x03,0xe0,0xff,0x03,0xe0,0xff,0x03,0xe0,0xff,0x03,0xe0,0xff,0x03,0xe0,
    0xff,0x03,0xe0,0xff,0x03,0xe0,0xff,0x03,0xe0,0xff,0x03,0xe0,0xff,0x03,0xe0,0xff,
    0x03,0xe0,0xff,0x03,0xe0,0xff,0x03,0xe0,0xff,0x03,0xe0,0xff,0x03,0xe0,0xff,0x03,
    0xe0,0xff,0x03,0xe0,0xff,0x03,0xe0,0xff,0x03,0xe0,0xff,0x03,0xe0,0xff,0x03,0xe0,
    0xff,0x03,0xe0,0xff,0x03,0xe0,0xff,0x03,0xe0,0xff,0x03,0xe0,0xff,0x03,0xe0,0xff,
    0x03,0xe0,0xff,0x03,0xe0,0xff,0x03,0xe0,0xff,0x03,0xe0,0xff,0x03,0xe0,0xff,0x03,
    0xe0,0xff,0x03,0xe0,0xff,0x03,0xe0,0xff,0x03,0xe0,0xff,0x03,0xe0,0xff,0x03,0xe0,
    0xff,0x03,0xe0,0xff,0x03,0xe0,0xff,0x03,0xe0,0xff,0x03,0xe0,0xff,0x03,0xe0,0xff,
    0x03,0xe0,0xff,0x03,0xe0,0xff,0x03,0xe0,0xff,0x03,0xe0,0xff,0x03,0xe0,0xff,0x03,
    0xe0,0xff,0x03,0xe0,0xff,0x03,0xe0,0xff,0x03,0xe0,0xff,0x03,0xe0,0xff,0x03,0xe0,
    0xff,0x03,0xe0,0xff,0x03,0xe0,0xff,0x03,0xe0,0xff,0x03,0xe0,0xff,0x03,0xe0,0xff,
    0x03,0xe0,0xff,0x03,0xe0,0xff,0x03,0xe0,0xff,0x03,0xe0,0xff,0x03,0xe0,0xff,0x03,
    0xe0,0xff,0x03,0xe0,0xff,0x03,0xe0,0xff,0x03,0xe0,0xff,0x03,0xe0,0xff,0x03,0xe0,
    0xff,0x03,0xe0,0xff,0x03,0xe0,0xff,0x03,0xe0,0xff,0x03,0xe0,0xff,0x03,0xe0,0xff,
    0x03,0xe0,0xff,0x03,0xe0,0xff,0x03,0xe0,0xff,0x03,0xe0,0xff,0x03,0xe0,0xff,0x03,
    0xe0,0xff,0x03,0xe0,0xff,0x03,0xe0,0xff,0x03,0xe0,0xff,0x03,0xe0,0xff,0x03,0xe0,
    0xff,0x03,0xe0,0xff,0x03,0xe0,0xff,0x03,0xe0,0xff,0x03,0xe0,0xff,0x03,0xe0,0xff,
    0x03,0xe0,0xff,0x03,0xe0,0xff,0x03,0xe0,0xff,0x03,0xe0,0xff,0x03,0xe0,0xff,0x03,
    0xe0,0xff,0x03,0xe0,0xff,0x03,0xe0,0xff,0x03,0xe0,0xff,0x03,0xe0,0xff,0x03,0xe0,
    0xff,0x03,0xe0,0xff,0x03,0xe0,0xff,0x03,0xe0,0xff,0x03,0xe0,0xff,0x03,0xe0,0xff,
    0x03,0xe0,0xff,0x03,0xe0,0xff,0x03,0xe0,0xff,0x03,0xe0,0xff,0x03,0xe0,0xff,0x03,
    0xe0,0xff,0x03,0xe0,0xff,0x03,0xe0,0xff,0x03,0xe0,0xff,0x03,0xe0,0xff,0x03,0xe0,
    0xff,0x03,0xe0,0xff,0x03,0xe0,0xff,0x03,0xe0,0xff,0x03,0xe0,0xff,0x03,0xe0,0xff,
    0x03,0xe0,0xff,0x03,0xe0,0xff,0x03,0xe0,0xff,0x03,0xe0,0xff,0x03,0xe0,0xff,0x03,
    0xe0,0xff,0x03,0xe0,0xff,0x03,0xe0,0xff,0x03,0xe0,0xff,0x03,0xe0,0xff,0x03,0xe0,
    0xff,0x03,0xe0,0xff,0x03,0xe0,0xff,0x03,0xe0,0xff,0x03,0xe0,0xff,0x03,0xe0,0xff,
    0x03,0xe0,0xff,0x03,0xe0,0xff,0x03,0xe0,0xff,0x03,0xe0,0xff,0x03,0xe0,0xff,0x03,
    0xe0,0xff,0x03,0xe0,0xff,0x03,0xe0,0xff,0x03,0xe0,0xff,0x03,0xe0,0xff,0x03,0xe0,
    0xff,0x03,0xe0,0xff,0x03,0xe0,0xff,0x03,0xe0,0xff,0x03,0xe0,0xff,0x03,0xe0,0xff,
    0x03,0xe0,0xff,0x03,0xe0,0xff,0x03,0xe0,0xff,0x03,0xe0,0xff,0x03,0xe0,0xff,0x03,
    0xe0,0xff,0x03,0xe0,0xff,0x03,0xe0,0xff,0x03,0xe0,0xff,0x03,0xe0,0xff,0x03,0xe0,
    0xff,0x03,0xe0,0xff,0x03,0xe0,0xff,0x03,0xe0,0xff,0x03,0xe0,0xff,0x03,0xe0,0xff,
    0x03,0xe0,0xff,0x03,0xe0,0xff,0x03,0xe0,0xff,0x03,0xe0,0xff,0x03,0xe0,0xff,0x03,
    0xe0,0xff,0x03,0xe0,0xff,0x03,0xe0,0xff,0x03,0xe0,0xff,0x03,0xe0,0xff,0x03,0xe0,
    0xff,0x03,0xe0,0xff,0x03,0xe0,0xff,0x03,0xe0,0xff,0x03,0xe0,0xff,0x03,0xe0,0xff,
    0x03,0xe0,0xff,0x03,0xe0,0xff,0x03,0xe0,0xff,0x03,0xe0,0xff,0x03,0xe0,0xff,0x03,
    0xe0,0xff,0x03,0xe0,0xff,0x03,0xe0,0xff,0x03,0xe0,0xff,0x03,0xe0,0xff,0x03,0xe0,
    0xff,0x03,0xe0,0xff,0x03,0xe0,0xff,0x03,0xe0,0xff,0x03,0xe0,0xff,0x03,0xe0,0xff,
    0x03,0xe0,0xff,0x03,0xe0,0xff,0x03,0xe0,0xff,0x03,0xe0,0xff,0x03,0xe0,0xff,0x03,
    0xe0,0xff,0x03,0xe0,0xff,0x03,0xe0,0xff,0x03,0xe0,0xff,0x03,0xe0,0xff,0x03,0xe0,
    0xff,0x03,0xe0,0xff,0x03,0xe0,0xff,0x03,0xe0,0xff,0x03,0xe0,0xff,0x03,0xe0,0xff,
    0x03,0xe0,0xff,0x03,0xe0,0xff,0x03,0xe0,0xff,0x03,0xe0,0xff,0x03,0xe0,0xff,0x03,
    0xe0,0xff,0x03,0xe0,0xff,0x03,0xe0,0xff,0x03,0xe0,0xff,0x03,0xe0,0xff,0x03,0xe0,
    0xff,0x03,0xe0,0xff,0x03,0xe0,0xff,0x03,0xe0,0xff,0x03,0xe0,0xff,0x03,0xe0,0xff,
    0x03,0xe0,0xff,0x03,0xe0,0xff,0x03,0xe0,0xff,0x03,0xe0,0xff,0x03,0xe0,0xff,0x03,
    0xe0,0xff,0x03,0xe0,0xff,0x03,0xe0,0xff,0x03,0xe0,0xff,0x03,0xe0,0xff,0x03,0xe0,
    0xff,0x03,0xe0,0xff,0x03,0xe0,0xff,0x03,0xe0,0xff,0x03,0xe0,0xff,0x03,0xe0,0xff,
    0x03,0xe0,0xff,0x03,0xe0,0xff,0x03,0xe0,0xff,0x03,0xe0,0xff,0x03,0xe0,0xff,0x03,
    0xe0,0xff,0x03,0xe0,0xff,0x03,0xe0,0xff,0x03,0xe0,0xd0,0x03,0xe0,0xff,0x03,0xe0,
    0xff,0x03,0xe0,0xff,0x03,0xe0,0xff,0x03,0xe0,0xff,0x03,0xe0,0xff,0x03,0xe0,0xff,
    0x03,0xe0,0xff,0x03,0xe0,0xff,0x03,0xe0,0xff,0x03,0xe0,0xff,0x03,0xe0,0xff,0x03,
    0xe0,0xff,0x03,0xe0,0xff,0x03,0xe0,0xff,0x03,0xe0,0xff,0x03,0xe0,0xff,0x03,0xe0,
    0xff,0x03,0xe0,0xff,0x03,0xe0,0xff,0x03,0xe0,0xff,0x03,0xe0,0xff,0x03,0xe0,0xff,
    0x03,0xe0,0xff,0x03,0xe0,0xff,0x03,0xe0,0xff,0x03,0xe0,0xff,0x03,0xe0,0xff,0x03,
    0xe0,0xff,0x03,0xe0,0xff,0x03,0xe0,0xff,0x03,0xe0,0xff,0x03,0xe0,0xff,0x03,0xe0,
    0xff,0x03,0xe0,0xff,0x03,0xe0,0xff,0x03,0xe0,0xff,0x03,0xe0,0xff,0x03,0xe0,0xff,
    0x03,0xe0,0xff,0x03,0xe0,0xff,0x03,0xe0,0xff,0x03,0xe0,0xff,0x03,0xe0,0xff,0x03,
    0xe0,0xff,0x03,0xe0,0xff,0x03,0xe0,0xff,0x03,0xe0,0xff,0x03,0xe0,0xff,0x03,0xe0,
    0xff,0x03,0xe0,0xff,0x03,0xe0,0xff,0x03,0xe0,0xff,0x03,0xe0,0xff,0x03,0xe0,0xff,
    0x03,0xe0,0xff,0x03,0xe0,0xff,0x03,0xe0,0xff,0x03,0xe0,0xff,0x03,0xe0,0xff,0x03,
    0xe0,0xff,0x03,0xe0,0xff,0x03,0xe0,0xff,0x03,0xe0,0xff,0x03,0xe0,0xff,0x03,0xe0,
    0xff,0x03,0xe0,0xff,0x03,0xe0,0xff,0x03,0xe0,0xff,0x03,0xe0,0xff,0x03,0xe0,0xff,
    0x03,0xe0,0xff,0x03,0xe0,0xff,0x03,0xe0,0xff,0x03,0xe0,0xff,0x03,0xe0,0xff,0x03,
    0xe0,0xff,0x03,0xe0,0xff,0x03,0xe0,0xff,0x03,0xe0,0xff,0x03,0xe0,0xff,0x03,0xe0,
    0xff,0x03,0xe0,0xff,0x03,0xe0,0xff,0x03,0xe0,0xff,0x03,0xe0,0xff,0x03,0xe0,0xff,
    0x03,0xe0,0xff,0x03,0xe0,0xff,0x03,0xe0,0xff,0x03,0xe0,0xff,0x03,0xe0,0xff,0x03,
    0xe0,0xff,0x03,0xe0,0xff,0x03,0xe0,0xff,0x03,0xe0,0xff,0x03,0xe0,0xff,0x03,0xe0,
    0xff,0x03,0xe0,0xff,0x03,0xe0,0xff,0x03,0xe0,0xff,0x03,0xe0,0xff,0x03,0xe0,0xff,
    0x03,0xe0,0xff,0x03,0xe0,0xff,0x03,0xe0,0xff,0x03,0xe0,0xff,0x03,0xe0,0xff,0x03,
    0xe0,0xff,0x03,0xe0,0xff,0x03,0xe0,0xff,0x03,0xe0,0xff,0x03,0xe0,0xff,0x03,0xe0,
    0xff,0x03,0xe0,0xff,0x03,0xe0,0xff,0x03,0xe0,0xff,0x03,0xe0,0xff,0x03,0xe0,0xff,
    0x03,0xe0,0xff,0x03,0xe0,0xff,0x03,0xe0,0xff,0x03,0xe0,0xff,0x03,0xe0,0xff,0x03,
    0xe0,0xff,0x03,0xe0,0xff,0x03,0xe0,0xff,0x03,0xe0,0xff,0x03,0xe0,0xff,0x03,0xe0,
    0xff,0x03,0xe0,0xff,0x03,0xe0,0xff,0x03,0xe0,0xff,0x03,0xe0,0xff,0x03,0xe0,0xff,
    0x03,0xe0,0xff,0x03,0xe0,0xff,0x03,0xe0,0xff,0x03,0xe0,0xff,0x03,0xe0,0xff,0x03,
    0xe0,0xff,0x03,0xe0,0xff,0x03,0xe0,0xff,0x03,0xe0,0xff,0x03,0xe0,0xff,0x03,0xe0,
    0xff,0x03,0xe0,0xff,0x03,0xe0,0xff,0x03,0xe0,0xff,0x03,0xe0,0xff,0x03,0xe0,0xff,
    0x03,0xe0,0xff,0x03,0xe0,0xff,0x03,0xe0,0xff,0x03,0xe0,0xff,0x03,0xe0,0xff,0x03,
    0xe0,0xff,0x03,0xe0,0xff,0x03,0xe0,0xff,0x03,0xe0,0xff,0x03,0xe0,0xff,0x03,0xe0,
    0xff,0x03,0xe0,0xff,0x03,0xe0,0xff,0x03,0xe0,0xff,0x03,0xe0,0xff,0x03,0xe0,0xff,
    0x03,0xe0,0xff,0x03,0xe0,0xff,0x03,0xe0,0xff,0x03,0xe0,0xff,0x03,0xe0,0xff,0x03,
    0xe0,0xff,0x03,0xe0,0xff,0x03,0xe0,0xff,0x03,0xe0,0xff,0x03,0xe0,0xff,0x03,0xe0,
    0xff,0x03,0xe0,0xff,0x03,0xe0,0xff,0x03,0xe0,0xff,0x03,0xe0,0xff,0x03,0xe0,0xff,
    0x03,0xe0,0xff,0x03,0xe0,0xff,0x03,0xe0,0xff,0x03,0xe0,0xff,0x03,0xe0,0xff,0x03,
    0xe0,0xff,0x03,0xe0,0xff,0x03,0xe0,0xff,0x03,0xe0,0xff,0x03,0xe0,0xff,0x03,0xe0,
    0xff,0x03,0xe0,0xff,0x03,0xe0,0xff,0x03,0xe0,0xff,0x03,0xe0,0xff,0x03,0xe0,0xff,
    0x03,0xe0,0xff,0x03,0xe0,0xff,0x03,0xe0,0xff,0x03,0xe0,0xff,0x03,0xe0,0xff,0x03,
    0xe0,0xff,0x03,0xe0,0xff,0x03,0xe0,0xff,0x03,0xe0,0xff,0x03,0xe0,0xff,0x03,0xe0,
    0xff,0x03,0xe0,0xff,0x03,0xe0,0xff,0x03,0xe0,0xff,0x03,0xe0,0xff,0x03,0xe0,0xff,
    0x03,0xe0,0xff,0x03,0xe0,0xff,0x03,0xe0,0xff,0x03,0xe0,0xff,0x03,0xe0,0xff,0x03,
    0xe0,0xff,0x03,0xe0,0xff,0x03,0xe0,0xff,0x03,0xe0,0xff,0x03,0xe0,0xff,0x03,0xe0,
    0xff,0x03,0xe0,0xff,0x03,0xe0,0xff,0x03,0xe0,0xff,0x03,0xe0,0xff,0x03,0xe0,0xff,
    0x03,0xe0,0xff,0x03,0xe0,0xff,0x03,0xe0,0xff,0x03,0xe0,0xff,0x03,0xe0,0xff,0x03,
    0xe0,0xff,0x03,0xe0,0xff,0x03,0xe0,0xff,0x03,0xe0,0xff,0x03,0xe0,0xff,0x03,0xe0,
    0xff,0x03,0xe0,0xff,0x03,0xe0,0xff,0x03,0xe0,0xff,0x03,0xe0,0xff,0x03,0xe0,0xff,
    0x03,0xe0,0xff,0x03,0xe0,0xff,0x03,0xe0,0xff,0x03,0xe0,0xff,0x03,0xe0,0xff,0x03,
    0xe0,0xff,0x03,0xe0,0xff,0x03,0xe0,0xff,0x03,0xe0,0xff,0x03,0xe0,0xff,0x03,0xe0,
    0xff,0x03,0xe0,0xff,0x03,0xe0,0xff,0x03,0xe0,0xff,0x03,0xe0,0xff,0x03,0xe0,0xff,
    0x03,0xe0,0xff,0x03,0xe0,0xff,0x03,0xe0,0xff,0x03,0xe0,0xff,0x03,0xe0,0xff,0x03,
    0xe0,0xff,0x03,0xe0,0xff,0x03,0xe0,0xff,0x03,0xe0,0xff,0x03,0xe0,0xff,0x03,0xe0,
    0xff,0x03,0xe0,0xff,0x03,0xe0,0xff,0x03,0xe0,0xff,0x03,0xe0,0xff,0x03,0xe0,0xff,
    0x03,0xe0,0xff,0x03,0xe0,0xff,0x03,0xe0,0xff,0x03,0xe0,0xff,0x03,0xe0,0xff,0x03,
    0xe0,0xff,0x03,0xe0,0xff,0x03,0xe0,0xff,0x03,0xe0,0xff,0x03,0xe0,0xff,0x03,0xe0,
    0xff,0x03,0xe0,0xff,0x03,0xe0,0xff,0x03,0xe0,0xff,0x03,0xe0,0xff,0x03,0xe0,0xff,
    0x03,0xe0,0xff,0x03,0xe0,0xff,0x03,0xe0,0xff,0x03,0xe0,0xd0,0x03,0xe0,0x90,0x03,
    0xe0,0xff,0x03,0xe0,0xff,0x03,0xe0,0xff,0x03,0xe0,0xff,0x03,0xe0,0xff,0x03,0xe0,
    0xff,0x03,0xe0,0xff,0x03,0xe0,0xff,0x03,0xe0,0xff,0x03,0xe0,0xff,0x03,0xe0,0xff,
    0x03,0xe0,0xff,0x03,0xe0,0xff,0x03,0xe0,0xff,0x03,0xe0,0xff,0x03,0xe0,0xff,0x03,
    0xe0,0xff,0x03,0xe0,0xff,0x03,0xe0,0xff,0x03,0xe0,0xff,0x03,0xe0,0xff,0x03,0xe0,
    0xff,0x03,0xe0,0xff,0x03,0xe0,0xff,0x03,0xe0,0xff,0x03,0xe0,0xff,0x03,0xe0,0xff,
    0x03,0xe0,0xff,0x03,0xe0,0xff,0x03,0xe0,0xff,0x03,0xe0,0xff,0x03,0xe0,0xff,0x03,
    0xe0,0xff,0x03,0xe0,0xff,0x03,0xe0,0xff,0x03,0xe0,0xff,0x03,0xe0,0xff,0x03,0xe0,
    0xff,0x03,0xe0,0xff,0x03,0xe0,0xff,0x03,0xe0,0xff,0x03,0xe0,0xff,0x03,0xe0,0xff,
    0x03,0xe0,0xff,0x03,0xe0,0xff,0x03,0xe0,0xff,0x03,0xe0,0xff,0x03,0xe0,0xff,0x03,
    0xe0,0xff,0x03,0xe0,0xff,0x03,0xe0,0xff,0x03,0xe0,0xff,0x03,0xe0,0xff,0x03,0xe0,
    0xff,0x03,0xe0,0xff,0x03,0xe0,0xff,0x03,0xe0,0xff,0x03,0xe0,0xff,0x03,0xe0,0xff,
    0x03,0xe0,0xff,0x03,0xe0,0xff,0x03,0xe0,0xff,0x03,0xe0,0xff,0x03,0xe0,0xff,0x03,
    0xe0,0xff,0x03,0xe0,0xff,0x03,0xe0,0xff,0x03,0xe0,0xff,0x03,0xe0,0xff,0x03,0xe0,
    0xff,0x03,0xe0,0xff,0x03,0xe0,0xff,0x03,0xe0,0xff,0x03,0xe0,0xff,0x03,0xe0,0xff,
    0x03,0xe0,0xff,0x03,0xe0,0xff,0x03,0xe0,0xff,0x03,0xe0,0xff,0x03,0xe0,0xff,0x03,
    0xe0,0xff,0x03,0xe0,0xff,0x03,0xe0,0xff,0x03,0xe0,0xff,0x03,0xe0,0xff,0x03,0xe0,
    0xff,0x03,0xe0,0xff,0x03,0xe0,0xff,0x03,0xe0,0xff,0x03,0xe0,0xff,0x03,0xe0,0xff,
    0x03,0xe0,0xff,0x03,0xe0,0xff,0x03,0xe0,0xff,0x03,0xe0,0xff,0x03,0xe0,0xff,0x03,
    0xe0,0xff,0x03,0xe0,0xff,0x03,0xe0,0xff,0x03,0xe0,0xff,0x03,0xe0,0xff,0x03,0xe0,
    0xff,0x03,0xe0,0xff,0x03,0xe0,0xff,0x03,0xe0,0xff,0x03,0xe0,0xff,0x03,0xe0,0xff,
    0x03,0xe0,0xff,0x03,0xe0,0xff,0x03,0xe0,0xff,0x03,0xe0,0xff,0x03,0xe0,0xff,0x03,
    0xe0,0xff,0x03,0xe0,0xff,0x03,0xe0,0xff,0x03,0xe0,0xff,0x03,0xe0,0xff,0x03,0xe0,
    0xff,0x03,0xe0,0xff,0x03,0xe0,0xff,0x03,0xe0,0xff,0x03,0xe0,0xff,0x03,0xe0,0xff,
    0x03,0xe0,0xff,0x03,0xe0,0xff,0x03,0xe0,0xff,0x03,0xe0,0xff,0x03,0xe0,0xff,0x03,
    0xe0,0xff,0x03,0xe0,0xff,0x03,0xe0,0xff,0x03,0xe0,0xff,0x03,0xe0,0xff,0x03,0xe0,
    0xff,0x03,0xe0,0xff,0x03,0xe0,0xff,0x03,0xe0,0xff,0x03,0xe0,0xff,0x03,0xe0,0xff,
    0x03,0xe0,0xff,0x03,0xe0,0xff,0x03,0xe0,0xff,0x03,0xe0,0xff,0x03,0xe0,0xff,0x03,
    0xe0,0xff,0x03,0xe0,0xff,0x03,0xe0,0xff,0x03,0xe0,0xff,0x03,0xe0,0xff,0x03,0xe0,
    0xff,0x03,0xe0,0xff,0x03,0xe0,0xff,0x03,0xe0,0xff,0x03,0xe0,0xff,0x03,0xe0,0xff,
    0x03,0xe0,0xff,0x03,0xe0,0xff,0x03,0xe0,0xff,0x03,0xe0,0xff,0x03,0xe0,0xff,0x03,
    0xe0,0xff,0x03,0xe0,0xff,0x03,0xe0,0xff,0x03,0xe0,0xff,0x03,0xe0,0xff,0x03,0xe0,
    0xff,0x03,0xe0,0xff,0x03,0xe0,0xff,0x03,0xe0,0xff,0x03,0xe0,0xff,0x03,0xe0,0xff,
    0x03,0xe0,0xff,0x03,0xe0,0xff,0x03,0xe0,0xff,0x03,0xe0,0xff,0x03,0xe0,0xff,0x03,
    0xe0,0xff,0x03,0xe0,0xff,0x03,0xe0,0xff,0x03,0xe0,0xff,0x03,0xe0,0xff,0x03,0xe0,
    0xff,0x03,0xe0,0xff,0x03,0xe0,0xff,0x03,0xe0,0xff,0x03,0xe0,0xff,0x03,0xe0,0xff,
    0x03,0xe0,0xff,0x03,0xe0,0xff,0x03,0xe0,0xff,0x03,0xe0,0xff,0x03,0xe0,0xff,0x03,
    0xe0,0xff,0x03,0xe0,0xff,0x03,0xe0,0xff,0x03,0xe0,0xff,0x03,0xe0,0xff,0x03,0xe0,
    0xff,0x03,0xe0,0xff,0x03,0xe0,0xff,0x03,0xe0,0xff,0x03,0xe0,0xff,0x03,0xe0,0xff,
    0x03,0xe0,0xff,0x03,0xe0,0xff,0x03,0xe0,0xff,0x03,0xe0,0xff,0x03,0xe0,0xff,0x03,
    0xe0,0xff,0x03,0xe0,0xff,0x03,0xe0,0xff,0x03,0xe0,0xff,0x03,0xe0,0xff,0x03,0xe0,
    0xff,0x03,0xe0,0xff,0x03,0xe0,0xff,0x03,0xe0,0xff,0x03,0xe0,0xff,0x03,0xe0,0xff,
    0x03,0xe0,0xff,0x03,0xe0,0xff,0x03,0xe0,0xff,0x03,0xe0,0xff,0x03,0xe0,0xff,0x03,
    0xe0,0xff,0x03,0xe0,0xff,0x03,0xe0,0xff,0x03,0xe0,0xff,0x03,0xe0,0xff,0x03,0xe0,
    0xff,0x03,0xe0,0xff,0x03,0xe0,0xff,0x03,0xe0,0xff,0x03,0xe0,0xff,0x03,0xe0,0xff,
    0x03,0xe0,0xff,0x03,0xe0,0xff,0x03,0xe0,0xff,0x03,0xe0,0xff,0x03,0xe0,0xff,0x03,
    0xe0,0xff,0x03,0xe0,0xff,0x03,0xe0,0xff,0x03,0xe0,0xff,0x03,0xe0,0xff,0x03,0xe0,
    0xff,0x03,0xe0,0xff,0x03,0xe0,0xff,0x03,0xe0,0xff,0x03,0xe0,0xff,0x03,0xe0,0xff,
    0x03,0xe0,0xff,0x03,0xe0,0xff,0x03,0xe0,0xff,0x03,0xe0,0xff,0x03,0xe0,0xff,0x03,
    0xe0,0xff,0x03,0xe0,0xff,0x03,0xe0,0xff,0x03,0xe0,0xff,0x03,0xe0,0xff,0x03,0xe0,
    0xff,0x03,0xe0,0xff,0x03,0xe0,0xff,0x03,0xe0,0xff,0x03,0xe0,0xff,0x03,0xe0,0xff,
    0x03,0xe0,0xff,0x03,0xe0,0xff,0x03,0xe0,0xff,0x03,0xe0,0xff,0x03,0xe0,0xff,0x03,
    0xe0,0xff,0x03,0xe0,0xff,0x03,0xe0,0xff,0x03,0xe0,0xff,0x03,0xe0,0xff,0x03,0xe0,
    0xff,0x03,0xe0,0xff,0x03,0xe0,0xff,0x03,0xe0,0xff,0x03,0xe0,0xff,0x03,0xe0,0xff,
    0x03,0xe0,0xff,0x03,0xe0,0xff,0x03,0xe0,0xff,0x03,0xe0,0xff,0x03,0xe0,0xff,0x03,
    0xe0,0xff,0x03,0xe0,0xff,0x03,0xe0,0xff,0x03,0xe0,0xff,0x03,0xe0,0xff,0x03,0xe0,
    0xff,0x03,0xe0,0xff,0x03,0xe0,0xff,0x03,0xe0,0xff,0x03,0xe0,0xff,0x03,0xe0,0x90,
    0x03,0xe0,0x40,0x03,0xe0,0xff,0x03,0xe0,0xff,0x03,0xe0,0xff,0x03,0xe0,0xff,0x03,
    0xe0,0xff,0x03,0xe0,0xff,0x03,0xe0,0xff,0x03,0xe0,0xff,0x03,0xe0,0xff,0x03,0xe0,
    0xff,0x03,0xe0,0xff,0x03,0xe0,0xff,0x03,0xe0,0xff,0x03,0xe0,0xff,0x03,0xe0,0xff,
    0x03,0xe0,0xff,0x03,0xe0,0xff,0x03,0xe0,0xff,0x03,0xe0,0xff,0x03,0xe0,0xff,0x03,
    0xe0,0xff,0x03,0xe0,0xff,0x03,0xe0,0xff,0x03,0xe0,0xff,0x03,0xe0,0xff,0x03,0xe0,
    0xff,0x03,0xe0,0xff,0x03,0xe0,0xff,0x03,0xe0,0xff,0x03,0xe0,0xff,0x03,0xe0,0xff,
    0x03,0xe0,0xff,0x03,0xe0,0xff,0x03,0xe0,0xff,0x03,0xe0,0xff,0x03,0xe0,0xff,0x03,
    0xe0,0xff,0x03,0xe0,0xff,0x03,0xe0,0xff,0x03,0xe0,0xff,0x03,0xe0,0xff,0x03,0xe0,
    0xff,0x03,0xe0,0xff,0x03,0xe0,0xff,0x03,0xe0,0xff,0x03,0xe0,0xff,0x03,0xe0,0xff,
    0x03,0xe0,0xff,0x03,0xe0,0xff,0x03,0xe0,0xff,0x03,0xe0,0xff,0x03,0xe0,0xff,0x03,
    0xe0,0xff,0x03,0xe0,0xff,0x03,0xe0,0xff,0x03,0xe0,0xff,0x03,0xe0,0xff,0x03,0xe0,
    0xff,0x03,0xe0,0xff,0x03,0xe0,0xff,0x03,0xe0,0xff,0x03,0xe0,0xff,0x03,0xe0,0xff,
    0x03,0xe0,0xff,0x03,0xe0,0xff,0x03,0xe0,0xff,0x03,0xe0,0xff,0x03,0xe0,0xff,0x03,
    0xe0,0xff,0x03,0xe0,0xff,0x03,0xe0,0xff,0x03,0xe0,0xff,0x03,0xe0,0xff,0x03,0xe0,
    0xff,0x03,0xe0,0xff,0x03,0xe0,0xff,0x03,0xe0,0xff,0x03,0xe0,0xff,0x03,0xe0,0xff,
    0x03,0xe0,0xff,0x03,0xe0,0xff,0x03,0xe0,0xff,0x03,0xe0,0xff,0x03,0xe0,0xff,0x03,
    0xe0,0xff,0x03,0xe0,0xff,0x03,0xe0,0xff,0x03,0xe0,0xff,0x03,0xe0,0xff,0x03,0xe0,
    0xff,0x03,0xe0,0xff,0x03,0xe0,0xff,0x03,0xe0,0xff,0x03,0xe0,0xff,0x03,0xe0,0xff,
    0x03,0xe0,0xff,0x03,0xe0,0xff,0x03,0xe0,0xff,0x03,0xe0,0xff,0x03,0xe0,0xff,0x03,
    0xe0,0xff,0x03,0xe0,0xff,0x03,0xe0,0xff,0x03,0xe0,0xff,0x03,0xe0,0xff,0x03,0xe0,
    0xff,0x03,0xe0,0xff,0x03,0xe0,0xff,0x03,0xe0,0xff,0x03,0xe0,0xff,0x03,0xe0,0xff,
    0x03,0xe0,0xff,0x03,0xe0,0xff,0x03,0xe0,0xff,0x03,0xe0,0xff,0x03,0xe0,0xff,0x03,
    0xe0,0xff,0x03,0xe0,0xff,0x03,0xe0,0xff,0x03,0xe0,0xff,0x03,0xe0,0xff,0x03,0xe0,
    0xff,0x03,0xe0,0xff,0x03,0xe0,0xff,0x03,0xe0,0xff,0x03,0xe0,0xff,0x03,0xe0,0xff,
    0x03,0xe0,0xff,0x03,0xe0,0xff,0x03,0xe0,0xff,0x03,0xe0,0xff,0x03,0xe0,0xff,0x03,
    0xe0,0xff,0x03,0xe0,0xff,0x03,0xe0,0xff,0x03,0xe0,0xff,0x03,0xe0,0xff,0x03,0xe0,
    0xff,0x03,0xe0,0xff,0x03,0xe0,0xff,0x03,0xe0,0xff,0x03,0xe0,0xff,0x03,0xe0,0xff,
    0x03,0xe0,0xff,0x03,0xe0,0xff,0x03,0xe0,0xff,0x03,0xe0,0xff,0x03,0xe0,0xff,0x03,
    0xe0,0xff,0x03,0xe0,0xff,0x03,0xe0,0xff,0x03,0xe0,0xff,0x03,0xe0,0xff,0x03,0xe0,
    0xff,0x03,0xe0,0xff,0x03,0xe0,0xff,0x03,0xe0,0xff,0x03,0xe0,0xff,0x03,0xe0,0xff,
    0x03,0xe0,0xff,0x03,0xe0,0xff,0x03,0xe0,0xff,0x03,0xe0,0xff,0x03,0xe0,0xff,0x03,
    0xe0,0xff,0x03,0xe0,0xff,0x03,0xe0,0xff,0x03,0xe0,0xff,0x03,0xe0,0xff,0x03,0xe0,
    0xff,0x03,0xe0,0xff,0x03,0xe0,0xff,0x03,0xe0,0xff,0x03,0xe0,0xff,0x03,0xe0,0xff,
    0x03,0xe0,0xff,0x03,0xe0,0xff,0x03,0xe0,0xff,0x03,0xe0,0xff,0x03,0xe0,0xff,0x03,
    0xe0,0xff,0x03,0xe0,0xff,0x03,0xe0,0xff,0x03,0xe0,0xff,0x03,0xe0,0xff,0x03,0xe0,
    0xff,0x03,0xe0,0xff,0x03,0xe0,0xff,0x03,0xe0,0xff,0x03,0xe0,0xff,0x03,0xe0,0xff,
    0x03,0xe0,0xff,0x03,0xe0,0xff,0x03,0xe0,0xff,0x03,0xe0,0xff,0x03,0xe0,0xff,0x03,
    0xe0,0xff,0x03,0xe0,0xff,0x03,0xe0,0xff,0x03,0xe0,0xff,0x03,0xe0,0xff,0x03,0xe0,
    0xff,0x03,0xe0,0xff,0x03,0xe0,0xff,0x03,0xe0,0xff,0x03,0xe0,0xff,0x03,0xe0,0xff,
    0x03,0xe0,0xff,0x03,0xe0,0xff,0x03,0xe0,0xff,0x03,0xe0,0xff,0x03,0xe0,0xff,0x03,
    0xe0,0xff,0x03,0xe0,0xff,0x03,0xe0,0xff,0x03,0xe0,0xff,0x03,0xe0,0xff,0x03,0xe0,
    0xff,0x03,0xe0,0xff,0x03,0xe0,0xff,0x03,0xe0,0xff,0x03,0xe0,0xff,0x03,0xe0,0xff,
    0x03,0xe0,0xff,0x03,0xe0,0xff,0x03,0xe0,0xff,0x03,0xe0,0xff,0x03,0xe0,0xff,0x03,
    0xe0,0xff,0x03,0xe0,0xff,0x03,0xe0,0xff,0x03,0xe0,0xff,0x03,0xe0,0xff,0x03,0xe0,
    0xff,0x03,0xe0,0xff,0x03,0xe0,0xff,0x03,0xe0,0xff,0x03,0xe0,0xff,0x03,0xe0,0xff,
    0x03,0xe0,0xff,0x03,0xe0,0xff,0x03,0xe0,0xff,0x03,0xe0,0xff,0x03,0xe0,0xff,0x03,
    0xe0,0xff,0x03,0xe0,0xff,0x03,0xe0,0xff,0x03,0xe0,0xff,0x03,0xe0,0xff,0x03,0xe0,
    0xff,0x03,0xe0,0xff,0x03,0xe0,0xff,0x03,0xe0,0xff,0x03,0xe0,0xff,0x03,0xe0,0xff,
    0x03,0xe0,0xff,0x03,0xe0,0xff,0x03,0xe0,0xff,0x03,0xe0,0xff,0x03,0xe0,0xff,0x03,
    0xe0,0xff,0x03,0xe0,0xff,0x03,0xe0,0xff,0x03,0xe0,0xff,0x03,0xe0,0xff,0x03,0xe0,
    0xff,0x03,0xe0,0xff,0x03,0xe0,0xff,0x03,0xe0,0xff,0x03,0xe0,0xff,0x03,0xe0,0xff,
    0x03,0xe0,0xff,0x03,0xe0,0xff,0x03,0xe0,0xff,0x03,0xe0,0xff,0x03,0xe0,0xff,0x03,
    0xe0,0xff,0x03,0xe0,0xff,0x03,0xe0,0xff,0x03,0xe0,0xff,0x03,0xe0,0xff,0x03,0xe0,
    0xff,0x03,0xe0,0xff,0x03,0xe0,0xff,0x03,0xe0,0xff,0x03,0xe0,0xff,0x03,0xe0,0xff,
    0x03,0xe0,0xff,0x03,0xe0,0xff,0x03,0xe0,0xff,0x03,0xe0,0xff,0x03,0xe0,0xff,0x03,
    0xe0,0xff,0x03,0xe0,0xff,0x03,0xe0,0xff,0x03,0xe0,0xff,0x03,0xe0,0xff,0x03,0xe0,
    0xff,0x03,0xe0,0x40,0xff,0xff,0x00,0x03,0xe0,0xe0,0x03,0xe0,0xff,0x03,0xe0,0xff,
    0x03,0xe0,0xff,0x03,0xe0,0xff,0x03,0xe0,0xff,0x03,0xe0,0xff,0x03,0xe0,0xff,0x03,
    0xe0,0xff,0x03,0xe0,0xff,0x03,0xe0,0xff,0x03,0xe0,0xff,0x03,0xe0,0xff,0x03,0xe0,
    0xff,0x03,0xe0,0xff,0x03,0xe0,0xff,0x03,0xe0,0xff,0x03,0xe0,0xff,0x03,0xe0,0xff,
    0x03,0xe0,0xff,0x03,0xe0,0xff,0x03,0xe0,0xff,0x03,0xe0,0xff,0x03,0xe0,0xff,0x03,
    0xe0,0xff,0x03,0xe0,0xff,0x03,0xe0,0xff,0x03,0xe0,0xff,0x03,0xe0,0xff,0x03,0xe0,
    0xff,0x03,0xe0,0xff,0x03,0xe0,0xff,0x03,0xe0,0xff,0x03,0xe0,0xff,0x03,0xe0,0xff,
    0x03,0xe0,0xff,0x03,0xe0,0xff,0x03,0xe0,0xff,0x03,0xe0,0xff,0x03,0xe0,0xff,0x03,
    0xe0,0xff,0x03,0xe0,0xff,0x03,0xe0,0xff,0x03,0xe0,0xff,0x03,0xe0,0xff,0x03,0xe0,
    0xff,0x03,0xe0,0xff,0x03,0xe0,0xff,0x03,0xe0,0xff,0x03,0xe0,0xff,0x03,0xe0,0xff,
    0x03,0xe0,0xff,0x03,0xe0,0xff,0x03,0xe0,0xff,0x03,0xe0,0xff,0x03,0xe0,0xff,0x03,
    0xe0,0xff,0x03,0xe0,0xff,0x03,0xe0,0xff,0x03,0xe0,0xff,0x03,0xe0,0xff,0x03,0xe0,
    0xff,0x03,0xe0,0xff,0x03,0xe0,0xff,0x03,0xe0,0xff,0x03,0xe0,0xff,0x03,0xe0,0xff,
    0x03,0xe0,0xff,0x03,0xe0,0xff,0x03,0xe0,0xff,0x03,0xe0,0xff,0x03,0xe0,0xff,0x03,
    0xe0,0xff,0x03,0xe0,0xff,0x03,0xe0,0xff,0x03,0xe0,0xff,0x03,0xe0,0xff,0x03,0xe0,
    0xff,0x03,0xe0,0xff,0x03,0xe0,0xff,0x03,0xe0,0xff,0x03,0xe0,0xff,0x03,0xe0,0xff,
    0x03,0xe0,0xff,0x03,0xe0,0xff,0x03,0xe0,0xff,0x03,0xe0,0xff,0x03,0xe0,0xff,0x03,
    0xe0,0xff,0x03,0xe0,0xff,0x03,0xe0,0xff,0x03,0xe0,0xff,0x03,0xe0,0xff,0x03,0xe0,
    0xff,0x03,0xe0,0xff,0x03,0xe0,0xff,0x03,0xe0,0xff,0x03,0xe0,0xff,0x03,0xe0,0xff,
    0x03,0xe0,0xff,0x03,0xe0,0xff,0x03,0xe0,0xff,0x03,0xe0,0xff,0x03,0xe0,0xff,0x03,
    0xe0,0xff,0x03,0xe0,0xff,0x03,0xe0,0xff,0x03,0xe0,0xff,0x03,0xe0,0xff,0x03,0xe0,
    0xff,0x03,0xe0,0xff,0x03,0xe0,0xff,0x03,0xe0,0xff,0x03,0xe0,0xff,0x03,0xe0,0xff,
    0x03,0xe0,0xff,0x03,0xe0,0xff,0x03,0xe0,0xff,0x03,0xe0,0xff,0x03,0xe0,0xff,0x03,
    0xe0,0xff,0x03,0xe0,0xff,0x03,0xe0,0xff,0x03,0xe0,0xff,0x03,0xe0,0xff,0x03,0xe0,
    0xff,0x03,0xe0,0xff,0x03,0xe0,0xff,0x03,0xe0,0xff,0x03,0xe0,0xff,0x03,0xe0,0xff,
    0x03,0xe0,0xff,0x03,0xe0,0xff,0x03,0xe0,0xff,0x03,0xe0,0xff,0x03,0xe0,0xff,0x03,
    0xe0,0xff,0x03,0xe0,0xff,0x03,0xe0,0xff,0x03,0xe0,0xff,0x03,0xe0,0xff,0x03,0xe0,
    0xff,0x03,0xe0,0xff,0x03,0xe0,0xff,0x03,0xe0,0xff,0x03,0xe0,0xff,0x03,0xe0,0xff,
    0x03,0xe0,0xff,0x03,0xe0,0xff,0x03,0xe0,0xff,0x03,0xe0,0xff,0x03,0xe0,0xff,0x03,
    0xe0,0xff,0x03,0xe0,0xff,0x03,0xe0,0xff,0x03,0xe0,0xff,0x03,0xe0,0xff,0x03,0xe0,
    0xff,0x03,0xe0,0xff,0x03,0xe0,0xff,0x03,0xe0,0xff,0x03,0xe0,0xff,0x03,0xe0,0xff,
    0x03,0xe0,0xff,0x03,0xe0,0xff,0x03,0xe0,0xff,0x03,0xe0,0xff,0x03,0xe0,0xff,0x03,
    0xe0,0xff,0x03,0xe0,0xff,0x03,0xe0,0xff,0x03,0xe0,0xff,0x03,0xe0,0xff,0x03,0xe0,
    0xff,0x03,0xe0,0xff,0x03,0xe0,0xff,0x03,0xe0,0xff,0x03,0xe0,0xff,0x03,0xe0,0xff,
    0x03,0xe0,0xff,0x03,0xe0,0xff,0x03,0xe0,0xff,0x03,0xe0,0xff,0x03,0xe0,0xff,0x03,
    0xe0,0xff,0x03,0xe0,0xff,0x03,0xe0,0xff,0x03,0xe0,0xff,0x03,0xe0,0xff,0x03,0xe0,
    0xff,0x03,0xe0,0xff,0x03,0xe0,0xff,0x03,0xe0,0xff,0x03,0xe0,0xff,0x03,0xe0,0xff,
    0x03,0xe0,0xff,0x03,0xe0,0xff,0x03,0xe0,0xff,0x03,0xe0,0xff,0x03,0xe0,0xff,0x03,
    0xe0,0xff,0x03,0xe0,0xff,0x03,0xe0,0xff,0x03,0xe0,0xff,0x03,0xe0,0xff,0x03,0xe0,
    0xff,0x03,0xe0,0xff,0x03,0xe0,0xff,0x03,0xe0,0xff,0x03,0xe0,0xff,0x03,0xe0,0xff,
    0x03,0xe0,0xff,0x03,0xe0,0xff,0x03,0xe0,0xff,0x03,0xe0,0xff,0x03,0xe0,0xff,0x03,
    0xe0,0xff,0x03,0xe0,0xff,0x03,0xe0,0xff,0x03,0xe0,0xff,0x03,0xe0,0xff,0x03,0xe0,
    0xff,0x03,0xe0,0xff,0x03,0xe0,0xff,0x03,0xe0,0xff,0x03,0xe0,0xff,0x03,0xe0,0xff,
    0x03,0xe0,0xff,0x03,0xe0,0xff,0x03,0xe0,0xff,0x03,0xe0,0xff,0x03,0xe0,0xff,0x03,
    0xe0,0xff,0x03,0xe0,0xff,0x03,0xe0,0xff,0x03,0xe0,0xff,0x03,0xe0,0xff,0x03,0xe0,
    0xff,0x03,0xe0,0xff,0x03,0xe0,0xff,0x03,0xe0,0xff,0x03,0xe0,0xff,0x03,0xe0,0xff,
    0x03,0xe0,0xff,0x03,0xe0,0xff,0x03,0xe0,0xff,0x03,0xe0,0xff,0x03,0xe0,0xff,0x03,
    0xe0,0xff,0x03,0xe0,0xff,0x03,0xe0,0xff,0x03,0xe0,0xff,0x03,0xe0,0xff,0x03,0xe0,
    0xff,0x03,0xe0,0xff,0x03,0xe0,0xff,0x03,0xe0,0xff,0x03,0xe0,0xff,0x03,0xe0,0xff,
    0x03,0xe0,0xff,0x03,0xe0,0xff,0x03,0xe0,0xff,0x03,0xe0,0xff,0x03,0xe0,0xff,0x03,
    0xe0,0xff,0x03,0xe0,0xff,0x03,0xe0,0xff,0x03,0xe0,0xff,0x03,0xe0,0xff,0x03,0xe0,
    0xff,0x03,0xe0,0xff,0x03,0xe0,0xff,0x03,0xe0,0xff,0x03,0xe0,0xff,0x03,0xe0,0xff,
    0x03,0xe0,0xff,0x03,0xe0,0xff,0x03,0xe0,0xff,0x03,0xe0,0xff,0x03,0xe0,0xff,0x03,
    0xe0,0xff,0x03,0xe0,0xff,0x03,0xe0,0xff,0x03,0xe0,0xff,0x03,0xe0,0xff,0x03,0xe0,
    0xff,0x03,0xe0,0xff,0x03,0xe0,0xff,0x03,0xe0,0xff,0x03,0xe0,0xff,0x03,0xe0,0xff,
    0x03,0xe0,0xff,0x03,0xe0,0xff,0x03,0xe0,0xff,0x03,0xe0,0xff,0x03,0xe0,0xff,0x03,
    0xe0,0xff,0x03,0xe0,0xe0,0xff,0xff,0x00,0xff,0xff,0x00,0x03,0xe0,0x60,0x03,0xe0,
    0xff,0x03,0xe0,0xff,0x03,0xe0,0xff,0x03,0xe0,0xff,0x03,0xe0,0xff,0x03,0xe0,0xff,
    0x03,0xe0,0xff,0x03,0xe0,0xff,0x03,0xe0,0xff,0x03,0xe0,0xff,0x03,0xe0,0xff,0x03,
    0xe0,0xff,0x03,0xe0,0xff,0x03,0xe0,0xff,0x03,0xe0,0xff,0x03,0xe0,0xff,0x03,0xe0,
    0xff,0x03,0xe0,0xff,0x03,0xe0,0xff,0x03,0xe0,0xff,0x03,0xe0,0xff,0x03,0xe0,0xff,
    0x03,0xe0,0xff,0x03,0xe0,0xff,0x03,0xe0,0xff,0x03,0xe0,0xff,0x03,0xe0,0xff,0x03,
    0xe0,0xff,0x03,0xe0,0xff,0x03,0xe0,0xff,0x03,0xe0,0xff,0x03,0xe0,0xff,0x03,0xe0,
    0xff,0x03,0xe0,0xff,0x03,0xe0,0xff,0x03,0xe0,0xff,0x03,0xe0,0xff,0x03,0xe0,0xff,
    0x03,0xe0,0xff,0x03,0xe0,0xff,0x03,0xe0,0xff,0x03,0xe0,0xff,0x03,0xe0,0xff,0x03,
    0xe0,0xff,0x03,0xe0,0xff,0x03,0xe0,0xff,0x03,0xe0,0xff,0x03,0xe0,0xff,0x03,0xe0,
    0xff,0x03,0xe0,0xff,0x03,0xe0,0xff,0x03,0xe0,0xff,0x03,0xe0,0xff,0x03,0xe0,0xff,
    0x03,0xe0,0xff,0x03,0xe0,0xff,0x03,0xe0,0xff,0x03,0xe0,0xff,0x03,0xe0,0xff,0x03,
    0xe0,0xff,0x03,0xe0,0xff,0x03,0xe0,0xff,0x03,0xe0,0xff,0x03,0xe0,0xff,0x03,0xe0,
    0xff,0x03,0xe0,0xff,0x03,0xe0,0xff,0x03,0xe0,0xff,0x03,0xe0,0xff,0x03,0xe0,0xff,
    0x03,0xe0,0xff,0x03,0xe0,0xff,0x03,0xe0,0xff,0x03,0xe0,0xff,0x03,0xe0,0xff,0x03,
    0xe0,0xff,0x03,0xe0,0xff,0x03,0xe0,0xff,0x03,0xe0,0xff,0x03,0xe0,0xff,0x03,0xe0,
    0xff,0x03,0xe0,0xff,0x03,0xe0,0xff,0x03,0xe0,0xff,0x03,0xe0,0xff,0x03,0xe0,0xff,
    0x03,0xe0,0xff,0x03,0xe0,0xff,0x03,0xe0,0xff,0x03,0xe0,0xff,0x03,0xe0,0xff,0x03,
    0xe0,0xff,0x03,0xe0,0xff,0x03,0xe0,0xff,0x03,0xe0,0xff,0x03,0xe0,0xff,0x03,0xe0,
    0xff,0x03,0xe0,0xff,0x03,0xe0,0xff,0x03,0xe0,0xff,0x03,0xe0,0xff,0x03,0xe0,0xff,
    0x03,0xe0,0xff,0x03,0xe0,0xff,0x03,0xe0,0xff,0x03,0xe0,0xff,0x03,0xe0,0xff,0x03,
    0xe0,0xff,0x03,0xe0,0xff,0x03,0xe0,0xff,0x03,0xe0,0xff,0x03,0xe0,0xff,0x03,0xe0,
    0xff,0x03,0xe0,0xff,0x03,0xe0,0xff,0x03,0xe0,0xff,0x03,0xe0,0xff,0x03,0xe0,0xff,
    0x03,0xe0,0xff,0x03,0xe0,0xff,0x03,0xe0,0xff,0x03,0xe0,0xff,0x03,0xe0,0xff,0x03,
    0xe0,0xff,0x03,0xe0,0xff,0x03,0xe0,0xff,0x03,0xe0,0xff,0x03,0xe0,0xff,0x03,0xe0,
    0xff,0x03,0xe0,0xff,0x03,0xe0,0xff,0x03,0xe0,0xff,0x03,0xe0,0xff,0x03,0xe0,0xff,
    0x03,0xe0,0xff,0x03,0xe0,0xff,0x03,0xe0,0xff,0x03,0xe0,0xff,0x03,0xe0,0xff,0x03,
    0xe0,0xff,0x03,0xe0,0xff,0x03,0xe0,0xff,0x03,0xe0,0xff,0x03,0xe0,0xff,0x03,0xe0,
    0xff,0x03,0xe0,0xff,0x03,0xe0,0xff,0x03,0xe0,0xff,0x03,0xe0,0xff,0x03,0xe0,0xff,
    0x03,0xe0,0xff,0x03,0xe0,0xff,0x03,0xe0,0xff,0x03,0xe0,0xff,0x03,0xe0,0xff,0x03,
    0xe0,0xff,0x03,0xe0,0xff,0x03,0xe0,0xff,0x03,0xe0,0xff,0x03,0xe0,0xff,0x03,0xe0,
    0xff,0x03,0xe0,0xff,0x03,0xe0,0xff,0x03,0xe0,0xff,0x03,0xe0,0xff,0x03,0xe0,0xff,
    0x03,0xe0,0xff,0x03,0xe0,0xff,0x03,0xe0,0xff,0x03,0xe0,0xff,0x03,0xe0,0xff,0x03,
    0xe0,0xff,0x03,0xe0,0xff,0x03,0xe0,0xff,0x03,0xe0,0xff,0x03,0xe0,0xff,0x03,0xe0,
    0xff,0x03,0xe0,0xff,0x03,0xe0,0xff,0x03,0xe0,0xff,0x03,0xe0,0xff,0x03,0xe0,0xff,
    0x03,0xe0,0xff,0x03,0xe0,0xff,0x03,0xe0,0xff,0x03,0xe0,0xff,0x03,0xe0,0xff,0x03,
    0xe0,0xff,0x03,0xe0,0xff,0x03,0xe0,0xff,0x03,0xe0,0xff,0x03,0xe0,0xff,0x03,0xe0,
    0xff,0x03,0xe0,0xff,0x03,0xe0,0xff,0x03,0xe0,0xff,0x03,0xe0,0xff,0x03,0xe0,0xff,
    0x03,0xe0,0xff,0x03,0xe0,0xff,0x03,0xe0,0xff,0x03,0xe0,0xff,0x03,0xe0,0xff,0x03,
    0xe0,0xff,0x03,0xe0,0xff,0x03,0xe0,0xff,0x03,0xe0,0xff,0x03,0xe0,0xff,0x03,0xe0,
    0xff,0x03,0xe0,0xff,0x03,0xe0,0xff,0x03,0xe0,0xff,0x03,0xe0,0xff,0x03,0xe0,0xff,
    0x03,0xe0,0xff,0x03,0xe0,0xff,0x03,0xe0,0xff,0x03,0xe0,0xff,0x03,0xe0,0xff,0x03,
    0xe0,0xff,0x03,0xe0,0xff,0x03,0xe0,0xff,0x03,0xe0,0xff,0x03,0xe0,0xff,0x03,0xe0,
    0xff,0x03,0xe0,0xff,0x03,0xe0,0xff,0x03,0xe0,0xff,0x03,0xe0,0xff,0x03,0xe0,0xff,
    0x03,0xe0,0xff,0x03,0xe0,0xff,0x03,0xe0,0xff,0x03,0xe0,0xff,0x03,0xe0,0xff,0x03,
    0xe0,0xff,0x03,0xe0,0xff,0x03,0xe0,0xff,0x03,0xe0,0xff,0x03,0xe0,0xff,0x03,0xe0,
    0xff,0x03,0xe0,0xff,0x03,0xe0,0xff,0x03,0xe0,0xff,0x03,0xe0,0xff,0x03,0xe0,0xff,
    0x03,0xe0,0xff,0x03,0xe0,0xff,0x03,0xe0,0xff,0x03,0xe0,0xff,0x03,0xe0,0xff,0x03,
    0xe0,0xff,0x03,0xe0,0xff,0x03,0xe0,0xff,0x03,0xe0,0xff,0x03,0xe0,0xff,0x03,0xe0,
    0xff,0x03,0xe0,0xff,0x03,0xe0,0xff,0x03,0xe0,0xff,0x03,0xe0,0xff,0x03,0xe0,0xff,
    0x03,0xe0,0xff,0x03,0xe0,0xff,0x03,0xe0,0xff,0x03,0xe0,0xff,0x03,0xe0,0xff,0x03,
    0xe0,0xff,0x03,0xe0,0xff,0x03,0xe0,0xff,0x03,0xe0,0xff,0x03,0xe0,0xff,0x03,0xe0,
    0xff,0x03,0xe0,0xff,0x03,0xe0,0xff,0x03,0xe0,0xff,0x03,0xe0,0xff,0x03,0xe0,0xff,
    0x03,0xe0,0xff,0x03,0xe0,0xff,0x03,0xe0,0xff,0x03,0xe0,0xff,0x03,0xe0,0xff,0x03,
    0xe0,0xff,0x03,0xe0,0xff,0x03,0xe0,0xff,0x03,0xe0,0xff,0x03,0xe0,0xff,0x03,0xe0,
    0xff,0x03,0xe0,0xff,0x03,0xe0,0xff,0x03,0xe0,0xff,0x03,0xe0,0xff,0x03,0xe0,0xff,
    0x03,0xe0,0xff,0x03,0xe0,0xff,0x03,0xe0,0x60,0xff,0xff,0x00,0xff,0xff,0x00,0xff,
    0xff,0x00,0x03,0xe0,0xc0,0x03,0xe0,0xff,0x03,0xe0,0xff,0x03,0xe0,0xff,0x03,0xe0,
    0xff,0x03,0xe0,0xff,0x03,0xe0,0xff,0x03,0xe0,0xff,0x03,0xe0,0xff,0x03,0xe0,0xff,
    0x03,0xe0,0xff,0x03,0xe0,0xff,0x03,0xe0,0xff,0x03,0xe0,0xff,0x03,0xe0,0xff,0x03,
    0xe0,0xff,0x03,0xe0,0xff,0x03,0xe0,0xff,0x03,0xe0,0xff,0x03,0xe0,0xff,0x03,0xe0,
    0xff,0x03,0xe0,0xff,0x03,0xe0,0xff,0x03,0xe0,0xff,0x03,0xe0,0xff,0x03,0xe0,0xff,
    0x03,0xe0,0xff,0x03,0xe0,0xff,0x03,0xe0,0xff,0x03,0xe0,0xff,0x03,0xe0,0xff,0x03,
    0xe0,0xff,0x03,0xe0,0xff,0x03,0xe0,0xff,0x03,0xe0,0xff,0x03,0xe0,0xff,0x03,0xe0,
    0xff,0x03,0xe0,0xff,0x03,0xe0,0xff,0x03,0xe0,0xff,0x03,0xe0,0xff,0x03,0xe0,0xff,
    0x03,0xe0,0xff,0x03,0xe0,0xff,0x03,0xe0,0xff,0x03,0xe0,0xff,0x03,0xe0,0xff,0x03,
    0xe0,0xff,0x03,0xe0,0xff,0x03,0xe0,0xff,0x03,0xe0,0xff,0x03,0xe0,0xff,0x03,0xe0,
    0xff,0x03,0xe0,0xff,0x03,0xe0,0xff,0x03,0xe0,0xff,0x03,0xe0,0xff,0x03,0xe0,0xff,
    0x03,0xe0,0xff,0x03,0xe0,0xff,0x03,0xe0,0xff,0x03,0xe0,0xff,0x03,0xe0,0xff,0x03,
    0xe0,0xff,0x03,0xe0,0xff,0x03,0xe0,0xff,0x03,0xe0,0xff,0x03,0xe0,0xff,0x03,0xe0,
    0xff,0x03,0xe0,0xff,0x03,0xe0,0xff,0x03,0xe0,0xff,0x03,0xe0,0xff,0x03,0xe0,0xff,
    0x03,0xe0,0xff,0x03,0xe0,0xff,0x03,0xe0,0xff,0x03,0xe0,0xff,0x03,0xe0,0xff,0x03,
    0xe0,0xff,0x03,0xe0,0xff,0x03,0xe0,0xff,0x03,0xe0,0xff,0x03,0xe0,0xff,0x03,0xe0,
    0xff,0x03,0xe0,0xff,0x03,0xe0,0xff,0x03,0xe0,0xff,0x03,0xe0,0xff,0x03,0xe0,0xff,
    0x03,0xe0,0xff,0x03,0xe0,0xff,0x03,0xe0,0xff,0x03,0xe0,0xff,0x03,0xe0,0xff,0x03,
    0xe0,0xff,0x03,0xe0,0xff,0x03,0xe0,0xff,0x03,0xe0,0xff,0x03,0xe0,0xff,0x03,0xe0,
    0xff,0x03,0xe0,0xff,0x03,0xe0,0xff,0x03,0xe0,0xff,0x03,0xe0,0xff,0x03,0xe0,0xff,
    0x03,0xe0,0xff,0x03,0xe0,0xff,0x03,0xe0,0xff,0x03,0xe0,0xff,0x03,0xe0,0xff,0x03,
    0xe0,0xff,0x03,0xe0,0xff,0x03,0xe0,0xff,0x03,0xe0,0xff,0x03,0xe0,0xff,0x03,0xe0,
    0xff,0x03,0xe0,0xff,0x03,0xe0,0xff,0x03,0xe0,0xff,0x03,0xe0,0xff,0x03,0xe0,0xff,
    0x03,0xe0,0xff,0x03,0xe0,0xff,0x03,0xe0,0xff,0x03,0xe0,0xff,0x03,0xe0,0xff,0x03,
    0xe0,0xff,0x03,0xe0,0xff,0x03,0xe0,0xff,0x03,0xe0,0xff,0x03,0xe0,0xff,0x03,0xe0,
    0xff,0x03,0xe0,0xff,0x03,0xe0,0xff,0x03,0xe0,0xff,0x03,0xe0,0xff,0x03,0xe0,0xff,
    0x03,0xe0,0xff,0x03,0xe0,0xff,0x03,0xe0,0xff,0x03,0xe0,0xff,0x03,0xe0,0xff,0x03,
    0xe0,0xff,0x03,0xe0,0xff,0x03,0xe0,0xff,0x03,0xe0,0xff,0x03,0xe0,0xff,0x03,0xe0,
    0xff,0x03,0xe0,0xff,0x03,0xe0,0xff,0x03,0xe0,0xff,0x03,0xe0,0xff,0x03,0xe0,0xff,
    0x03,0xe0,0xff,0x03,0xe0,0xff,0x03,0xe0,0xff,0x03,0xe0,0xff,0x03,0xe0,0xff,0x03,
    0xe0,0xff,0x03,0xe0,0xff,0x03,0xe0,0xff,0x03,0xe0,0xff,0x03,0xe0,0xff,0x03,0xe0,
    0xff,0x03,0xe0,0xff,0x03,0xe0,0xff,0x03,0xe0,0xff,0x03,0xe0,0xff,0x03,0xe0,0xff,
    0x03,0xe0,0xff,0x03,0xe0,0xff,0x03,0xe0,0xff,0x03,0xe0,0xff,0x03,0xe0,0xff,0x03,
    0xe0,0xff,0x03,0xe0,0xff,0x03,0xe0,0xff,0x03,0xe0,0xff,0x03,0xe0,0xff,0x03,0xe0,
    0xff,0x03,0xe0,0xff,0x03,0xe0,0xff,0x03,0xe0,0xff,0x03,0xe0,0xff,0x03,0xe0,0xff,
    0x03,0xe0,0xff,0x03,0xe0,0xff,0x03,0xe0,0xff,0x03,0xe0,0xff,0x03,0xe0,0xff,0x03,
    0xe0,0xff,0x03,0xe0,0xff,0x03,0xe0,0xff,0x03,0xe0,0xff,0x03,0xe0,0xff,0x03,0xe0,
    0xff,0x03,0xe0,0xff,0x03,0xe0,0xff,0x03,0xe0,0xff,0x03,0xe0,0xff,0x03,0xe0,0xff,
    0x03,0xe0,0xff,0x03,0xe0,0xff,0x03,0xe0,0xff,0x03,0xe0,0xff,0x03,0xe0,0xff,0x03,
    0xe0,0xff,0x03,0xe0,0xff,0x03,0xe0,0xff,0x03,0xe0,0xff,0x03,0xe0,0xff,0x03,0xe0,
    0xff,0x03,0xe0,0xff,0x03,0xe0,0xff,0x03,0xe0,0xff,0x03,0xe0,0xff,0x03,0xe0,0xff,
    0x03,0xe0,0xff,0x03,0xe0,0xff,0x03,0xe0,0xff,0x03,0xe0,0xff,0x03,0xe0,0xff,0x03,
    0xe0,0xff,0x03,0xe0,0xff,0x03,0xe0,0xff,0x03,0xe0,0xff,0x03,0xe0,0xff,0x03,0xe0,
    0xff,0x03,0xe0,0xff,0x03,0xe0,0xff,0x03,0xe0,0xff,0x03,0xe0,0xff,0x03,0xe0,0xff,
    0x03,0xe0,0xff,0x03,0xe0,0xff,0x03,0xe0,0xff,0x03,0xe0,0xff,0x03,0xe0,0xff,0x03,
    0xe0,0xff,0x03,0xe0,0xff,0x03,0xe0,0xff,0x03,0xe0,0xff,0x03,0xe0,0xff,0x03,0xe0,
    0xff,0x03,0xe0,0xff,0x03,0xe0,0xff,0x03,0xe0,0xff,0x03,0xe0,0xff,0x03,0xe0,0xff,
    0x03,0xe0,0xff,0x03,0xe0,0xff,0x03,0xe0,0xff,0x03,0xe0,0xff,0x03,0xe0,0xff,0x03,
    0xe0,0xff,0x03,0xe0,0xff,0x03,0xe0,0xff,0x03,0xe0,0xff,0x03,0xe0,0xff,0x03,0xe0,
    0xff,0x03,0xe0,0xff,0x03,0xe0,0xff,0x03,0xe0,0xff,0x03,0xe0,0xff,0x03,0xe0,0xff,
    0x03,0xe0,0xff,0x03,0xe0,0xff,0x03,0xe0,0xff,0x03,0xe0,0xff,0x03,0xe0,0xff,0x03,
    0xe0,0xff,0x03,0xe0,0xff,0x03,0xe0,0xff,0x03,0xe0,0xff,0x03,0xe0,0xff,0x03,0xe0,
    0xff,0x03,0xe0,0xff,0x03,0xe0,0xff,0x03,0xe0,0xff,0x03,0xe0,0xff,0x03,0xe0,0xff,
    0x03,0xe0,0xff,0x03,0xe0,0xff,0x03,0xe0,0xff,0x03,0xe0,0xff,0x03,0xe0,0xff,0x03,
    0xe0,0xff,0x03,0xe0,0xff,0x03,0xe0,0xff,0x03,0xe0,0xff,0x03,0xe0,0xff,0x03,0xe0,
    0xff,0x03,0xe0,0xff,0x03,0xe0,0xff,0x03,0xe0,0xc0,0xff,0xff,0x00,0xff,0xff,0x00,
    0xff,0xff,0x00,0xff,0xff,0x00,0x03,0xe0,0x20,0x03,0xe0,0xf0,0x03,0xe0,0xff,0x03,
    0xe0,0xff,0x03,0xe0,0xff,0x03,0xe0,0xff,0x03,0xe0,0xff,0x03,0xe0,0xff,0x03,0xe0,
    0xff,0x03,0xe0,0xff,0x03,0xe0,0xff,0x03,0xe0,0xff,0x03,0xe0,0xff,0x03,0xe0,0xff,
    0x03,0xe0,0xff,0x03,0xe0,0xff,0x03,0xe0,0xff,0x03,0xe0,0xff,0x03,0xe0,0xff,0x03,
    0xe0,0xff,0x03,0xe0,0xff,0x03,0xe0,0xff,0x03,0xe0,0xff,0x03,0xe0,0xff,0x03,0xe0,
    0xff,0x03,0xe0,0xff,0x03,0xe0,0xff,0x03,0xe0,0xff,0x03,0xe0,0xff,0x03,0xe0,0xff,
    0x03,0xe0,0xff,0x03,0xe0,0xff,0x03,0xe0,0xff,0x03,0xe0,0xff,0x03,0xe0,0xff,0x03,
    0xe0,0xff,0x03,0xe0,0xff,0x03,0xe0,0xff,0x03,0xe0,0xff,0x03,0xe0,0xff,0x03,0xe0,
    0xff,0x03,0xe0,0xff,0x03,0xe0,0xff,0x03,0xe0,0xff,0x03,0xe0,0xff,0x03,0xe0,0xff,
    0x03,0xe0,0xff,0x03,0xe0,0xff,0x03,0xe0,0xff,0x03,0xe0,0xff,0x03,0xe0,0xff,0x03,
    0xe0,0xff,0x03,0xe0,0xff,0x03,0xe0,0xff,0x03,0xe0,0xff,0x03,0xe0,0xff,0x03,0xe0,
    0xff,0x03,0xe0,0xff,0x03,0xe0,0xff,0x03,0xe0,0xff,0x03,0xe0,0xff,0x03,0xe0,0xff,
    0x03,0xe0,0xff,0x03,0xe0,0xff,0x03,0xe0,0xff,0x03,0xe0,0xff,0x03,0xe0,0xff,0x03,
    0xe0,0xff,0x03,0xe0,0xff,0x03,0xe0,0xff,0x03,0xe0,0xff,0x03,0xe0,0xff,0x03,0xe0,
    0xff,0x03,0xe0,0xff,0x03,0xe0,0xff,0x03,0xe0,0xff,0x03,0xe0,0xff,0x03,0xe0,0xff,
    0x03,0xe0,0xff,0x03,0xe0,0xff,0x03,0xe0,0xff,0x03,0xe0,0xff,0x03,0xe0,0xff,0x03,
    0xe0,0xff,0x03,0xe0,0xff,0x03,0xe0,0xff,0x03,0xe0,0xff,0x03,0xe0,0xff,0x03,0xe0,
    0xff,0x03,0xe0,0xff,0x03,0xe0,0xff,0x03,0xe0,0xff,0x03,0xe0,0xff,0x03,0xe0,0xff,
    0x03,0xe0,0xff,0x03,0xe0,0xff,0x03,0xe0,0xff,0x03,0xe0,0xff,0x03,0xe0,0xff,0x03,
    0xe0,0xff,0x03,0xe0,0xff,0x03,0xe0,0xff,0x03,0xe0,0xff,0x03,0xe0,0xff,0x03,0xe0,
    0xff,0x03,0xe0,0xff,0x03,0xe0,0xff,0x03,0xe0,0xff,0x03,0xe0,0xff,0x03,0xe0,0xff,
    0x03,0xe0,0xff,0x03,0xe0,0xff,0x03,0xe0,0xff,0x03,0xe0,0xff,0x03,0xe0,0xff,0x03,
    0xe0,0xff,0x03,0xe0,0xff,0x03,0xe0,0xff,0x03,0xe0,0xff,0x03,0xe0,0xff,0x03,0xe0,
    0xff,0x03,0xe0,0xff,0x03,0xe0,0xff,0x03,0xe0,0xff,0x03,0xe0,0xff,0x03,0xe0,0xff,
    0x03,0xe0,0xff,0x03,0xe0,0xff,0x03,0xe0,0xff,0x03,0xe0,0xff,0x03,0xe0,0xff,0x03,
    0xe0,0xff,0x03,0xe0,0xff,0x03,0xe0,0xff,0x03,0xe0,0xff,0x03,0xe0,0xff,0x03,0xe0,
    0xff,0x03,0xe0,0xff,0x03,0xe0,0xff,0x03,0xe0,0xff,0x03,0xe0,0xff,0x03,0xe0,0xff,
    0x03,0xe0,0xff,0x03,0xe0,0xff,0x03,0xe0,0xff,0x03,0xe0,0xff,0x03,0xe0,0xff,0x03,
    0xe0,0xff,0x03,0xe0,0xff,0x03,0xe0,0xff,0x03,0xe0,0xff,0x03,0xe0,0xff,0x03,0xe0,
    0xff,0x03,0xe0,0xff,0x03,0xe0,0xff,0x03,0xe0,0xff,0x03,0xe0,0xff,0x03,0xe0,0xff,
    0x03,0xe0,0xff,0x03,0xe0,0xff,0x03,0xe0,0xff,0x03,0xe0,0xff,0x03,0xe0,0xff,0x03,
    0xe0,0xff,0x03,0xe0,0xff,0x03,0xe0,0xff,0x03,0xe0,0xff,0x03,0xe0,0xff,0x03,0xe0,
    0xff,0x03,0xe0,0xff,0x03,0xe0,0xff,0x03,0xe0,0xff,0x03,0xe0,0xff,0x03,0xe0,0xff,
    0x03,0xe0,0xff,0x03,0xe0,0xff,0x03,0xe0,0xff,0x03,0xe0,0xff,0x03,0xe0,0xff,0x03,
    0xe0,0xff,0x03,0xe0,0xff,0x03,0xe0,0xff,0x03,0xe0,0xff,0x03,0xe0,0xff,0x03,0xe0,
    0xff,0x03,0xe0,0xff,0x03,0xe0,0xff,0x03,0xe0,0xff,0x03,0xe0,0xff,0x03,0xe0,0xff,
    0x03,0xe0,0xff,0x03,0xe0,0xff,0x03,0xe0,0xff,0x03,0xe0,0xff,0x03,0xe0,0xff,0x03,
    0xe0,0xff,0x03,0xe0,0xff,0x03,0xe0,0xff,0x03,0xe0,0xff,0x03,0xe0,0xff,0x03,0xe0,
    0xff,0x03,0xe0,0xff,0x03,0xe0,0xff,0x03,0xe0,0xff,0x03,0xe0,0xff,0x03,0xe0,0xff,
    0x03,0xe0,0xff,0x03,0xe0,0xff,0x03,0xe0,0xff,0x03,0xe0,0xff,0x03,0xe0,0xff,0x03,
    0xe0,0xff,0x03,0xe0,0xff,0x03,0xe0,0xff,0x03,0xe0,0xff,0x03,0xe0,0xff,0x03,0xe0,
    0xff,0x03,0xe0,0xff,0x03,0xe0,0xff,0x03,0xe0,0xff,0x03,0xe0,0xff,0x03,0xe0,0xff,
    0x03,0xe0,0xff,0x03,0xe0,0xff,0x03,0xe0,0xff,0x03,0xe0,0xff,0x03,0xe0,0xff,0x03,
    0xe0,0xff,0x03,0xe0,0xff,0x03,0xe0,0xff,0x03,0xe0,0xff,0x03,0xe0,0xff,0x03,0xe0,
    0xff,0x03,0xe0,0xff,0x03,0xe0,0xff,0x03,0xe0,0xff,0x03,0xe0,0xff,0x03,0xe0,0xff,
    0x03,0xe0,0xff,0x03,0xe0,0xff,0x03,0xe0,0xff,0x03,0xe0,0xff,0x03,0xe0,0xff,0x03,
    0xe0,0xff,0x03,0xe0,0xff,0x03,0xe0,0xff,0x03,0xe0,0xff,0x03,0xe0,0xff,0x03,0xe0,
    0xff,0x03,0xe0,0xff,0x03,0xe0,0xff,0x03,0xe0,0xff,0x03,0xe0,0xff,0x03,0xe0,0xff,
    0x03,0xe0,0xff,0x03,0xe0,0xff,0x03,0xe0,0xff,0x03,0xe0,0xff,0x03,0xe0,0xff,0x03,
    0xe0,0xff,0x03,0xe0,0xff,0x03,0xe0,0xff,0x03,0xe0,0xff,0x03,0xe0,0xff,0x03,0xe0,
    0xff,0x03,0xe0,0xff,0x03,0xe0,0xff,0x03,0xe0,0xff,0x03,0xe0,0xff,0x03,0xe0,0xff,
    0x03,0xe0,0xff,0x03,0xe0,0xff,0x03,0xe0,0xff,0x03,0xe0,0xff,0x03,0xe0,0xff,0x03,
    0xe0,0xff,0x03,0xe0,0xff,0x03,0xe0,0xff,0x03,0xe0,0xff,0x03,0xe0,0xff,0x03,0xe0,
    0xff,0x03,0xe0,0xff,0x03,0xe0,0xff,0x03,0xe0,0xff,0x03,0xe0,0xff,0x03,0xe0,0xff,
    0x03,0xe0,0xff,0x03,0xe0,0xff,0x03,0xe0,0xff,0x03,0xe0,0xff,0x03,0xe0,0xff,0x03,
    0xe0,0xff,0x03,0xe0,0xff,0x03,0xe0,0xff,0x03,0xe0,0xf0,0x03,0xe0,0x20,0xff,0xff,
    0x00,0xff,0xff,0x00,0xff,0xff,0x00,0xff,0xff,0x00,0xff,0xff,0x00,0x03,0xe0,0x50,
    0x03,0xe0,0xff,0x03,0xe0,0xff,0x03,0xe0,0xff,0x03,0xe0,0xff,0x03,0xe0,0xff,0x03,
    0xe0,0xff,0x03,0xe0,0xff,0x03,0xe0,0xff,0x03,0xe0,0xff,0x03,0xe0,0xff,0x03,0xe0,
    0xff,0x03,0xe0,0xff,0x03,0xe0,0xff,0x03,0xe0,0xff,0x03,0xe0,0xff,0x03,0xe0,0xff,
    0x03,0xe0,0xff,0x03,0xe0,0xff,0x03,0xe0,0xff,0x03,0xe0,0xff,0x03,0xe0,0xff,0x03,
    0xe0,0xff,0x03,0xe0,0xff,0x03,0xe0,0xff,0x03,0xe0,0xff,0x03,0xe0,0xff,0x03,0xe0,
    0xff,0x03,0xe0,0xff,0x03,0xe0,0xff,0x03,0xe0,0xff,0x03,0xe0,0xff,0x03,0xe0,0xff,
    0x03,0xe0,0xff,0x03,0xe0,0xff,0x03,0xe0,0xff,0x03,0xe0,0xff,0x03,0xe0,0xff,0x03,
    0xe0,0xff,0x03,0xe0,0xff,0x03,0xe0,0xff,0x03,0xe0,0xff,0x03,0xe0,0xff,0x03,0xe0,
    0xff,0x03,0xe0,0xff,0x03,0xe0,0xff,0x03,0xe0,0xff,0x03,0xe0,0xff,0x03,0xe0,0xff,
    0x03,0xe0,0xff,0x03,0xe0,0xff,0x03,0xe0,0xff,0x03,0xe0,0xff,0x03,0xe0,0xff,0x03,
    0xe0,0xff,0x03,0xe0,0xff,0x03,0xe0,0xff,0x03,0xe0,0xff,0x03,0xe0,0xff,0x03,0xe0,
    0xff,0x03,0xe0,0xff,0x03,0xe0,0xff,0x03,0xe0,0xff,0x03,0xe0,0xff,0x03,0xe0,0xff,
    0x03,0xe0,0xff,0x03,0xe0,0xff,0x03,0xe0,0xff,0x03,0xe0,0xff,0x03,0xe0,0xff,0x03,
    0xe0,0xff,0x03,0xe0,0xff,0x03,0xe0,0xff,0x03,0xe0,0xff,0x03,0xe0,0xff,0x03,0xe0,
    0xff,0x03,0xe0,0xff,0x03,0xe0,0xff,0x03,0xe0,0xff,0x03,0xe0,0xff,0x03,0xe0,0xff,
    0x03,0xe0,0xff,0x03,0xe0,0xff,0x03,0xe0,0xff,0x03,0xe0,0xff,0x03,0xe0,0xff,0x03,
    0xe0,0xff,0x03,0xe0,0xff,0x03,0xe0,0xff,0x03,0xe0,0xff,0x03,0xe0,0xff,0x03,0xe0,
    0xff,0x03,0xe0,0xff,0x03,0xe0,0xff,0x03,0xe0,0xff,0x03,0xe0,0xff,0x03,0xe0,0xff,
    0x03,0xe0,0xff,0x03,0xe0,0xff,0x03,0xe0,0xff,0x03,0xe0,0xff,0x03,0xe0,0xff,0x03,
    0xe0,0xff,0x03,0xe0,0xff,0x03,0xe0,0xff,0x03,0xe0,0xff,0x03,0xe0,0xff,0x03,0xe0,
    0xff,0x03,0xe0,0xff,0x03,0xe0,0xff,0x03,0xe0,0xff,0x03,0xe0,0xff,0x03,0xe0,0xff,
    0x03,0xe0,0xff,0x03,0xe0,0xff,0x03,0xe0,0xff,0x03,0xe0,0xff,0x03,0xe0,0xff,0x03,
    0xe0,0xff,0x03,0xe0,0xff,0x03,0xe0,0xff,0x03,0xe0,0xff,0x03,0xe0,0xff,0x03,0xe0,
    0xff,0x03,0xe0,0xff,0x03,0xe0,0xff,0x03,0xe0,0xff,0x03,0xe0,0xff,0x03,0xe0,0xff,
    0x03,0xe0,0xff,0x03,0xe0,0xff,0x03,0xe0,0xff,0x03,0xe0,0xff,0x03,0xe0,0xff,0x03,
    0xe0,0xff,0x03,0xe0,0xff,0x03,0xe0,0xff,0x03,0xe0,0xff,0x03,0xe0,0xff,0x03,0xe0,
    0xff,0x03,0xe0,0xff,0x03,0xe0,0xff,0x03,0xe0,0xff,0x03,0xe0,0xff,0x03,0xe0,0xff,
    0x03,0xe0,0xff,0x03,0xe0,0xff,0x03,0xe0,0xff,0x03,0xe0,0xff,0x03,0xe0,0xff,0x03,
    0xe0,0xff,0x03,0xe0,0xff,0x03,0xe0,0xff,0x03,0xe0,0xff,0x03,0xe0,0xff,0x03,0xe0,
    0xff,0x03,0xe0,0xff,0x03,0xe0,0xff,0x03,0xe0,0xff,0x03,0xe0,0xff,0x03,0xe0,0xff,
    0x03,0xe0,0xff,0x03,0xe0,0xff,0x03,0xe0,0xff,0x03,0xe0,0xff,0x03,0xe0,0xff,0x03,
    0xe0,0xff,0x03,0xe0,0xff,0x03,0xe0,0xff,0x03,0xe0,0xff,0x03,0xe0,0xff,0x03,0xe0,
    0xff,0x03,0xe0,0xff,0x03,0xe0,0xff,0x03,0xe0,0xff,0x03,0xe0,0xff,0x03,0xe0,0xff,
    0x03,0xe0,0xff,0x03,0xe0,0xff,0x03,0xe0,0xff,0x03,0xe0,0xff,0x03,0xe0,0xff,0x03,
    0xe0,0xff,0x03,0xe0,0xff,0x03,0xe0,0xff,0x03,0xe0,0xff,0x03,0xe0,0xff,0x03,0xe0,
    0xff,0x03,0xe0,0xff,0x03,0xe0,0xff,0x03,0xe0,0xff,0x03,0xe0,0xff,0x03,0xe0,0xff,
    0x03,0xe0,0xff,0x03,0xe0,0xff,0x03,0xe0,0xff,0x03,0xe0,0xff,0x03,0xe0,0xff,0x03,
    0xe0,0xff,0x03,0xe0,0xff,0x03,0xe0,0xff,0x03,0xe0,0xff,0x03,0xe0,0xff,0x03,0xe0,
    0xff,0x03,0xe0,0xff,0x03,0xe0,0xff,0x03,0xe0,0xff,0x03,0xe0,0xff,0x03,0xe0,0xff,
    0x03,0xe0,0xff,0x03,0xe0,0xff,0x03,0xe0,0xff,0x03,0xe0,0xff,0x03,0xe0,0xff,0x03,
    0xe0,0xff,0x03,0xe0,0xff,0x03,0xe0,0xff,0x03,0xe0,0xff,0x03,0xe0,0xff,0x03,0xe0,
    0xff,0x03,0xe0,0xff,0x03,0xe0,0xff,0x03,0xe0,0xff,0x03,0xe0,0xff,0x03,0xe0,0xff,
    0x03,0xe0,0xff,0x03,0xe0,0xff,0x03,0xe0,0xff,0x03,0xe0,0xff,0x03,0xe0,0xff,0x03,
    0xe0,0xff,0x03,0xe0,0xff,0x03,0xe0,0xff,0x03,0xe0,0xff,0x03,0xe0,0xff,0x03,0xe0,
    0xff,0x03,0xe0,0xff,0x03,0xe0,0xff,0x03,0xe0,0xff,0x03,0xe0,0xff,0x03,0xe0,0xff,
    0x03,0xe0,0xff,0x03,0xe0,0xff,0x03,0xe0,0xff,0x03,0xe0,0xff,0x03,0xe0,0xff,0x03,
    0xe0,0xff,0x03,0xe0,0xff,0x03,0xe0,0xff,0x03,0xe0,0xff,0x03,0xe0,0xff,0x03,0xe0,
    0xff,0x03,0xe0,0xff,0x03,0xe0,0xff,0x03,0xe0,0xff,0x03,0xe0,0xff,0x03,0xe0,0xff,
    0x03,0xe0,0xff,0x03,0xe0,0xff,0x03,0xe0,0xff,0x03,0xe0,0xff,0x03,0xe0,0xff,0x03,
    0xe0,0xff,0x03,0xe0,0xff,0x03,0xe0,0xff,0x03,0xe0,0xff,0x03,0xe0,0xff,0x03,0xe0,
    0xff,0x03,0xe0,0xff,0x03,0xe0,0xff,0x03,0xe0,0xff,0x03,0xe0,0xff,0x03,0xe0,0xff,
    0x03,0xe0,0xff,0x03,0xe0,0xff,0x03,0xe0,0xff,0x03,0xe0,0xff,0x03,0xe0,0xff,0x03,
    0xe0,0xff,0x03,0xe0,0xff,0x03,0xe0,0xff,0x03,0xe0,0xff,0x03,0xe0,0xff,0x03,0xe0,
    0xff,0x03,0xe0,0xff,0x03,0xe0,0xff,0x03,0xe0,0xff,0x03,0xe0,0xff,0x03,0xe0,0xff,
    0x03,0xe0,0xff,0x03,0xe0,0xff,0x03,0xe0,0xff,0x03,0xe0,0xff,0x03,0xe0,0x40,0xff,
    0xff,0x00,0xff,0xff,0x00,0xff,0xff,0x00,0xff,0xff,0x00,0xff,0xff,0x00,0xff,0xff,
    0x00,0xff,0xff,0x00,0x03,0xe0,0x60,0x03,0xe0,0xf0,0x03,0xe0,0xff,0x03,0xe0,0xff,
    0x03,0xe0,0xff,0x03,0xe0,0xff,0x03,0xe0,0xff,0x03,0xe0,0xff,0x03,0xe0,0xff,0x03,
    0xe0,0xff,0x03,0xe0,0xff,0x03,0xe0,0xff,0x03,0xe0,0xff,0x03,0xe0,0xff,0x03,0xe0,
    0xff,0x03,0xe0,0xff,0x03,0xe0,0xff,0x03,0xe0,0xff,0x03,0xe0,0xff,0x03,0xe0,0xff,
    0x03,0xe0,0xff,0x03,0xe0,0xff,0x03,0xe0,0xff,0x03,0xe0,0xff,0x03,0xe0,0xff,0x03,
    0xe0,0xff,0x03,0xe0,0xff,0x03,0xe0,0xff,0x03,0xe0,0xff,0x03,0xe0,0xff,0x03,0xe0,
    0xff,0x03,0xe0,0xff,0x03,0xe0,0xff,0x03,0xe0,0xff,0x03,0xe0,0xff,0x03,0xe0,0xff,
    0x03,0xe0,0xff,0x03,0xe0,0xff,0x03,0xe0,0xff,0x03,0xe0,0xff,0x03,0xe0,0xff,0x03,
    0xe0,0xff,0x03,0xe0,0xff,0x03,0xe0,0xff,0x03,0xe0,0xff,0x03,0xe0,0xff,0x03,0xe0,
    0xff,0x03,0xe0,0xff,0x03,0xe0,0xff,0x03,0xe0,0xff,0x03,0xe0,0xff,0x03,0xe0,0xff,
    0x03,0xe0,0xff,0x03,0xe0,0xff,0x03,0xe0,0xff,0x03,0xe0,0xff,0x03,0xe0,0xff,0x03,
    0xe0,0xff,0x03,0xe0,0xff,0x03,0xe0,0xff,0x03,0xe0,0xff,0x03,0xe0,0xff,0x03,0xe0,
    0xff,0x03,0xe0,0xff,0x03,0xe0,0xff,0x03,0xe0,0xff,0x03,0xe0,0xff,0x03,0xe0,0xff,
    0x03,0xe0,0xff,0x03,0xe0,0xff,0x03,0xe0,0xff,0x03,0xe0,0xff,0x03,0xe0,0xff,0x03,
    0xe0,0xff,0x03,0xe0,0xff,0x03,0xe0,0xff,0x03,0xe0,0xff,0x03,0xe0,0xff,0x03,0xe0,
    0xff,0x03,0xe0,0xff,0x03,0xe0,0xff,0x03,0xe0,0xff,0x03,0xe0,0xff,0x03,0xe0,0xff,
    0x03,0xe0,0xff,0x03,0xe0,0xff,0x03,0xe0,0xff,0x03,0xe0,0xff,0x03,0xe0,0xff,0x03,
    0xe0,0xff,0x03,0xe0,0xff,0x03,0xe0,0xff,0x03,0xe0,0xff,0x03,0xe0,0xff,0x03,0xe0,
    0xff,0x03,0xe0,0xff,0x03,0xe0,0xff,0x03,0xe0,0xff,0x03,0xe0,0xff,0x03,0xe0,0xff,
    0x03,0xe0,0xff,0x03,0xe0,0xff,0x03,0xe0,0xff,0x03,0xe0,0xff,0x03,0xe0,0xff,0x03,
    0xe0,0xff,0x03,0xe0,0xff,0x03,0xe0,0xff,0x03,0xe0,0xff,0x03,0xe0,0xff,0x03,0xe0,
    0xff,0x03,0xe0,0xff,0x03,0xe0,0xff,0x03,0xe0,0xff,0x03,0xe0,0xff,0x03,0xe0,0xff,
    0x03,0xe0,0xff,0x03,0xe0,0xff,0x03,0xe0,0xff,0x03,0xe0,0xff,0x03,0xe0,0xff,0x03,
    0xe0,0xff,0x03,0xe0,0xff,0x03,0xe0,0xff,0x03,0xe0,0xff,0x03,0xe0,0xff,0x03,0xe0,
    0xff,0x03,0xe0,0xff,0x03,0xe0,0xff,0x03,0xe0,0xff,0x03,0xe0,0xff,0x03,0xe0,0xff,
    0x03,0xe0,0xff,0x03,0xe0,0xff,0x03,0xe0,0xff,0x03,0xe0,0xff,0x03,0xe0,0xff,0x03,
    0xe0,0xff,0x03,0xe0,0xff,0x03,0xe0,0xff,0x03,0xe0,0xff,0x03,0xe0,0xff,0x03,0xe0,
    0xff,0x03,0xe0,0xff,0x03,0xe0,0xff,0x03,0xe0,0xff,0x03,0xe0,0xff,0x03,0xe0,0xff,
    0x03,0xe0,0xff,0x03,0xe0,0xff,0x03,0xe0,0xff,0x03,0xe0,0xff,0x03,0xe0,0xff,0x03,
    0xe0,0xff,0x03,0xe0,0xff,0x03,0xe0,0xff,0x03,0xe0,0xff,0x03,0xe0,0xff,0x03,0xe0,
    0xff,0x03,0xe0,0xff,0x03,0xe0,0xff,0x03,0xe0,0xff,0x03,0xe0,0xff,0x03,0xe0,0xff,
    0x03,0xe0,0xff,0x03,0xe0,0xff,0x03,0xe0,0xff,0x03,0xe0,0xff,0x03,0xe0,0xff,0x03,
    0xe0,0xff,0x03,0xe0,0xff,0x03,0xe0,0xff,0x03,0xe0,0xff,0x03,0xe0,0xff,0x03,0xe0,
    0xff,0x03,0xe0,0xff,0x03,0xe0,0xff,0x03,0xe0,0xff,0x03,0xe0,0xff,0x03,0xe0,0xff,
    0x03,0xe0,0xff,0x03,0xe0,0xff,0x03,0xe0,0xff,0x03,0xe0,0xff,0x03,0xe0,0xff,0x03,
    0xe0,0xff,0x03,0xe0,0xff,0x03,0xe0,0xff,0x03,0xe0,0xff,0x03,0xe0,0xff,0x03,0xe0,
    0xff,0x03,0xe0,0xff,0x03,0xe0,0xff,0x03,0xe0,0xff,0x03,0xe0,0xff,0x03,0xe0,0xff,
    0x03,0xe0,0xff,0x03,0xe0,0xff,0x03,0xe0,0xff,0x03,0xe0,0xff,0x03,0xe0,0xff,0x03,
    0xe0,0xff,0x03,0xe0,0xff,0x03,0xe0,0xff,0x03,0xe0,0xff,0x03,0xe0,0xff,0x03,0xe0,
    0xff,0x03,0xe0,0xff,0x03,0xe0,0xff,0x03,0xe0,0xff,0x03,0xe0,0xff,0x03,0xe0,0xff,
    0x03,0xe0,0xff,0x03,0xe0,0xff,0x03,0xe0,0xff,0x03,0xe0,0xff,0x03,0xe0,0xff,0x03,
    0xe0,0xff,0x03,0xe0,0xff,0x03,0xe0,0xff,0x03,0xe0,0xff,0x03,0xe0,0xff,0x03,0xe0,
    0xff,0x03,0xe0,0xff,0x03,0xe0,0xff,0x03,0xe0,0xff,0x03,0xe0,0xff,0x03,0xe0,0xff,
    0x03,0xe0,0xff,0x03,0xe0,0xff,0x03,0xe0,0xff,0x03,0xe0,0xff,0x03,0xe0,0xff,0x03,
    0xe0,0xff,0x03,0xe0,0xff,0x03,0xe0,0xff,0x03,0xe0,0xff,0x03,0xe0,0xff,0x03,0xe0,
    0xff,0x03,0xe0,0xff,0x03,0xe0,0xff,0x03,0xe0,0xff,0x03,0xe0,0xff,0x03,0xe0,0xff,
    0x03,0xe0,0xff,0x03,0xe0,0xff,0x03,0xe0,0xff,0x03,0xe0,0xff,0x03,0xe0,0xff,0x03,
    0xe0,0xff,0x03,0xe0,0xff,0x03,0xe0,0xff,0x03,0xe0,0xff,0x03,0xe0,0xff,0x03,0xe0,
    0xff,0x03,0xe0,0xff,0x03,0xe0,0xff,0x03,0xe0,0xff,0x03,0xe0,0xff,0x03,0xe0,0xff,
    0x03,0xe0,0xff,0x03,0xe0,0xff,0x03,0xe0,0xff,0x03,0xe0,0xff,0x03,0xe0,0xff,0x03,
    0xe0,0xff,0x03,0xe0,0xff,0x03,0xe0,0xff,0x03,0xe0,0xff,0x03,0xe0,0xff,0x03,0xe0,
    0xff,0x03,0xe0,0xff,0x03,0xe0,0xff,0x03,0xe0,0xff,0x03,0xe0,0xff,0x03,0xe0,0xff,
    0x03,0xe0,0xff,0x03,0xe0,0xff,0x03,0xe0,0xff,0x03,0xe0,0xff,0x03,0xe0,0xff,0x03,
    0xe0,0xff,0x03,0xe0,0xff,0x03,0xe0,0xff,0x03,0xe0,0xff,0x03,0xe0,0xff,0x03,0xe0,
    0xff,0x03,0xe0,0xff,0x03,0xe0,0xff,0x03,0xe0,0xff,0x03,0xe0,0xf0,0x03,0xe0,0x60,
    0xff,0xff,0x00,0xff,0xff,0x00,0xff,0xff,0x00,0xff,0xff,0x00,0xff,0xff,0x00,0xff,
    0xff,0x00,0xff,0xff,0x00,0xff,0xff,0x00,0xff,0xff,0x00,0x03,0xe0,0x30,0x03,0xe0,
    0xe0,0x03,0xe0,0xff,0x03,0xe0,0xff,0x03,0xe0,0xff,0x03,0xe0,0xff,0x03,0xe0,0xff,
    0x03,0xe0,0xff,0x03,0xe0,0xff,0x03,0xe0,0xff,0x03,0xe0,0xff,0x03,0xe0,0xff,0x03,
    0xe0,0xff,0x03,0xe0,0xff,0x03,0xe0,0xff,0x03,0xe0,0xff,0x03,0xe0,0xff,0x03,0xe0,
    0xff,0x03,0xe0,0xff,0x03,0xe0,0xff,0x03,0xe0,0xff,0x03,0xe0,0xff,0x03,0xe0,0xff,
    0x03,0xe0,0xff,0x03,0xe0,0xff,0x03,0xe0,0xff,0x03,0xe0,0xff,0x03,0xe0,0xff,0x03,
    0xe0,0xff,0x03,0xe0,0xff,0x03,0xe0,0xff,0x03,0xe0,0xff,0x03,0xe0,0xff,0x03,0xe0,
    0xff,0x03,0xe0,0xff,0x03,0xe0,0xff,0x03,0xe0,0xff,0x03,0xe0,0xff,0x03,0xe0,0xff,
    0x03,0xe0,0xff,0x03,0xe0,0xff,0x03,0xe0,0xff,0x03,0xe0,0xff,0x03,0xe0,0xff,0x03,
    0xe0,0xff,0x03,0xe0,0xff,0x03,0xe0,0xff,0x03,0xe0,0xff,0x03,0xe0,0xff,0x03,0xe0,
    0xff,0x03,0xe0,0xff,0x03,0xe0,0xff,0x03,0xe0,0xff,0x03,0xe0,0xff,0x03,0xe0,0xff,
    0x03,0xe0,0xff,0x03,0xe0,0xff,0x03,0xe0,0xff,0x03,0xe0,0xff,0x03,0xe0,0xff,0x03,
    0xe0,0xff,0x03,0xe0,0xff,0x03,0xe0,0xff,0x03,0xe0,0xff,0x03,0xe0,0xff,0x03,0xe0,
    0xff,0x03,0xe0,0xff,0x03,0xe0,0xff,0x03,0xe0,0xff,0x03,0xe0,0xff,0x03,0xe0,0xff,
    0x03,0xe0,0xff,0x03,0xe0,0xff,0x03,0xe0,0xff,0x03,0xe0,0xff,0x03,0xe0,0xff,0x03,
    0xe0,0xff,0x03,0xe0,0xff,0x03,0xe0,0xff,0x03,0xe0,0xff,0x03,0xe0,0xff,0x03,0xe0,
    0xff,0x03,0xe0,0xff,0x03,0xe0,0xff,0x03,0xe0,0xff,0x03,0xe0,0xff,0x03,0xe0,0xff,
    0x03,0xe0,0xff,0x03,0xe0,0xff,0x03,0xe0,0xff,0x03,0xe0,0xff,0x03,0xe0,0xff,0x03,
    0xe0,0xff,0x03,0xe0,0xff,0x03,0xe0,0xff,0x03,0xe0,0xff,0x03,0xe0,0xff,0x03,0xe0,
    0xff,0x03,0xe0,0xff,0x03,0xe0,0xff,0x03,0xe0,0xff,0x03,0xe0,0xff,0x03,0xe0,0xff,
    0x03,0xe0,0xff,0x03,0xe0,0xff,0x03,0xe0,0xff,0x03,0xe0,0xff,0x03,0xe0,0xff,0x03,
    0xe0,0xff,0x03,0xe0,0xff,0x03,0xe0,0xff,0x03,0xe0,0xff,0x03,0xe0,0xff,0x03,0xe0,
    0xff,0x03,0xe0,0xff,0x03,0xe0,0xff,0x03,0xe0,0xff,0x03,0xe0,0xff,0x03,0xe0,0xff,
    0x03,0xe0,0xff,0x03,0xe0,0xff,0x03,0xe0,0xff,0x03,0xe0,0xff,0x03,0xe0,0xff,0x03,
    0xe0,0xff,0x03,0xe0,0xff,0x03,0xe0,0xff,0x03,0xe0,0xff,0x03,0xe0,0xff,0x03,0xe0,
    0xff,0x03,0xe0,0xff,0x03,0xe0,0xff,0x03,0xe0,0xff,0x03,0xe0,0xff,0x03,0xe0,0xff,
    0x03,0xe0,0xff,0x03,0xe0,0xff,0x03,0xe0,0xff,0x03,0xe0,0xff,0x03,0xe0,0xff,0x03,
    0xe0,0xff,0x03,0xe0,0xff,0x03,0xe0,0xff,0x03,0xe0,0xff,0x03,0xe0,0xff,0x03,0xe0,
    0xff,0x03,0xe0,0xff,0x03,0xe0,0xff,0x03,0xe0,0xff,0x03,0xe0,0xff,0x03,0xe0,0xff,
    0x03,0xe0,0xff,0x03,0xe0,0xff,0x03,0xe0,0xff,0x03,0xe0,0xff,0x03,0xe0,0xff,0x03,
    0xe0,0xff,0x03,0xe0,0xff,0x03,0xe0,0xff,0x03,0xe0,0xff,0x03,0xe0,0xff,0x03,0xe0,
    0xff,0x03,0xe0,0xff,0x03,0xe0,0xff,0x03,0xe0,0xff,0x03,0xe0,0xff,0x03,0xe0,0xff,
    0x03,0xe0,0xff,0x03,0xe0,0xff,0x03,0xe0,0xff,0x03,0xe0,0xff,0x03,0xe0,0xff,0x03,
    0xe0,0xff,0x03,0xe0,0xff,0x03,0xe0,0xff,0x03,0xe0,0xff,0x03,0xe0,0xff,0x03,0xe0,
    0xff,0x03,0xe0,0xff,0x03,0xe0,0xff,0x03,0xe0,0xff,0x03,0xe0,0xff,0x03,0xe0,0xff,
    0x03,0xe0,0xff,0x03,0xe0,0xff,0x03,0xe0,0xff,0x03,0xe0,0xff,0x03,0xe0,0xff,0x03,
    0xe0,0xff,0x03,0xe0,0xff,0x03,0xe0,0xff,0x03,0xe0,0xff,0x03,0xe0,0xff,0x03,0xe0,
    0xff,0x03,0xe0,0xff,0x03,0xe0,0xff,0x03,0xe0,0xff,0x03,0xe0,0xff,0x03,0xe0,0xff,
    0x03,0xe0,0xff,0x03,0xe0,0xff,0x03,0xe0,0xff,0x03,0xe0,0xff,0x03,0xe0,0xff,0x03,
    0xe0,0xff,0x03,0xe0,0xff,0x03,0xe0,0xff,0x03,0xe0,0xff,0x03,0xe0,0xff,0x03,0xe0,
    0xff,0x03,0xe0,0xff,0x03,0xe0,0xff,0x03,0xe0,0xff,0x03,0xe0,0xff,0x03,0xe0,0xff,
    0x03,0xe0,0xff,0x03,0xe0,0xff,0x03,0xe0,0xff,0x03,0xe0,0xff,0x03,0xe0,0xff,0x03,
    0xe0,0xff,0x03,0xe0,0xff,0x03,0xe0,0xff,0x03,0xe0,0xff,0x03,0xe0,0xff,0x03,0xe0,
    0xff,0x03,0xe0,0xff,0x03,0xe0,0xff,0x03,0xe0,0xff,0x03,0xe0,0xff,0x03,0xe0,0xff,
    0x03,0xe0,0xff,0x03,0xe0,0xff,0x03,0xe0,0xff,0x03,0xe0,0xff,0x03,0xe0,0xff,0x03,
    0xe0,0xff,0x03,0xe0,0xff,0x03,0xe0,0xff,0x03,0xe0,0xff,0x03,0xe0,0xff,0x03,0xe0,
    0xff,0x03,0xe0,0xff,0x03,0xe0,0xff,0x03,0xe0,0xff,0x03,0xe0,0xff,0x03,0xe0,0xff,
    0x03,0xe0,0xff,0x03,0xe0,0xff,0x03,0xe0,0xff,0x03,0xe0,0xff,0x03,0xe0,0xff,0x03,
    0xe0,0xff,0x03,0xe0,0xff,0x03,0xe0,0xff,0x03,0xe0,0xff,0x03,0xe0,0xff,0x03,0xe0,
    0xff,0x03,0xe0,0xff,0x03,0xe0,0xff,0x03,0xe0,0xff,0x03,0xe0,0xff,0x03,0xe0,0xff,
    0x03,0xe0,0xff,0x03,0xe0,0xff,0x03,0xe0,0xff,0x03,0xe0,0xff,0x03,0xe0,0xff,0x03,
    0xe0,0xff,0x03,0xe0,0xff,0x03,0xe0,0xff,0x03,0xe0,0xff,0x03,0xe0,0xff,0x03,0xe0,
    0xff,0x03,0xe0,0xff,0x03,0xe0,0xff,0x03,0xe0,0xff,0x03,0xe0,0xff,0x03,0xe0,0xff,
    0x03,0xe0,0xff,0x03,0xe0,0xff,0x03,0xe0,0xff,0x03,0xe0,0xff,0x03,0xe0,0xff,0x03,
    0xe0,0xff,0x03,0xe0,0xff,0x03,0xe0,0xff,0x03,0xe0,0xff,0x03,0xe0,0xe0,0x03,0xe0,
    0x30,0xff,0xff,0x00,0xff,0xff,0x00,0xff,0xff,0x00,0xff,0xff,0x00,0xff,0xff,0x00,
    0xff,0xff,0x00,0xff,0xff,0x00,0xff,0xff,0x00,0xff,0xff,0x00,0xff,0xff,0x00,0xff,
    0xff,0x00,0x03,0xe0,0x10,0x03,0xe0,0x80,0x03,0xe0,0xf0,0x03,0xe0,0xff,0x03,0xe0,
    0xff,0x03,0xe0,0xff,0x03,0xe0,0xff,0x03,0xe0,0xff,0x03,0xe0,0xff,0x03,0xe0,0xff,
    0x03,0xe0,0xff,0x03,0xe0,0xff,0x03,0xe0,0xff,0x03,0xe0,0xff,0x03,0xe0,0xff,0x03,
    0xe0,0xff,0x03,0xe0,0xff,0x03,0xe0,0xff,0x03,0xe0,0xff,0x03,0xe0,0xff,0x03,0xe0,
    0xff,0x03,0xe0,0xff,0x03,0xe0,0xff,0x03,0xe0,0xff,0x03,0xe0,0xff,0x03,0xe0,0xff,
    0x03,0xe0,0xff,0x03,0xe0,0xff,0x03,0xe0,0xff,0x03,0xe0,0xff,0x03,0xe0,0xff,0x03,
    0xe0,0xff,0x03,0xe0,0xff,0x03,0xe0,0xff,0x03,0xe0,0xff,0x03,0xe0,0xff,0x03,0xe0,
    0xff,0x03,0xe0,0xff,0x03,0xe0,0xff,0x03,0xe0,0xff,0x03,0xe0,0xff,0x03,0xe0,0xff,
    0x03,0xe0,0xff,0x03,0xe0,0xff,0x03,0xe0,0xff,0x03,0xe0,0xff,0x03,0xe0,0xff,0x03,
    0xe0,0xff,0x03,0xe0,0xff,0x03,0xe0,0xff,0x03,0xe0,0xff,0x03,0xe0,0xff,0x03,0xe0,
    0xff,0x03,0xe0,0xff,0x03,0xe0,0xff,0x03,0xe0,0xff,0x03,0xe0,0xff,0x03,0xe0,0xff,
    0x03,0xe0,0xff,0x03,0xe0,0xff,0x03,0xe0,0xff,0x03,0xe0,0xff,0x03,0xe0,0xff,0x03,
    0xe0,0xff,0x03,0xe0,0xff,0x03,0xe0,0xff,0x03,0xe0,0xff,0x03,0xe0,0xff,0x03,0xe0,
    0xff,0x03,0xe0,0xff,0x03,0xe0,0xff,0x03,0xe0,0xff,0x03,0xe0,0xff,0x03,0xe0,0xff,
    0x03,0xe0,0xff,0x03,0xe0,0xff,0x03,0xe0,0xff,0x03,0xe0,0xff,0x03,0xe0,0xff,0x03,
    0xe0,0xff,0x03,0xe0,0xff,0x03,0xe0,0xff,0x03,0xe0,0xff,0x03,0xe0,0xff,0x03,0xe0,
    0xff,0x03,0xe0,0xff,0x03,0xe0,0xff,0x03,0xe0,0xff,0x03,0xe0,0xff,0x03,0xe0,0xff,
    0x03,0xe0,0xff,0x03,0xe0,0xff,0x03,0xe0,0xff,0x03,0xe0,0xff,0x03,0xe0,0xff,0x03,
    0xe0,0xff,0x03,0xe0,0xff,0x03,0xe0,0xff,0x03,0xe0,0xff,0x03,0xe0,0xff,0x03,0xe0,
    0xff,0x03,0xe0,0xff,0x03,0xe0,0xff,0x03,0xe0,0xff,0x03,0xe0,0xff,0x03,0xe0,0xff,
    0x03,0xe0,0xff,0x03,0xe0,0xff,0x03,0xe0,0xff,0x03,0xe0,0xff,0x03,0xe0,0xff,0x03,
    0xe0,0xff,0x03,0xe0,0xff,0x03,0xe0,0xff,0x03,0xe0,0xff,0x03,0xe0,0xff,0x03,0xe0,
    0xff,0x03,0xe0,0xff,0x03,0xe0,0xff,0x03,0xe0,0xff,0x03,0xe0,0xff,0x03,0xe0,0xff,
    0x03,0xe0,0xff,0x03,0xe0,0xff,0x03,0xe0,0xff,0x03,0xe0,0xff,0x03,0xe0,0xff,0x03,
    0xe0,0xff,0x03,0xe0,0xff,0x03,0xe0,0xff,0x03,0xe0,0xff,0x03,0xe0,0xff,0x03,0xe0,
    0xff,0x03,0xe0,0xff,0x03,0xe0,0xff,0x03,0xe0,0xff,0x03,0xe0,0xff,0x03,0xe0,0xff,
    0x03,0xe0,0xff,0x03,0xe0,0xff,0x03,0xe0,0xff,0x03,0xe0,0xff,0x03,0xe0,0xff,0x03,
    0xe0,0xff,0x03,0xe0,0xff,0x03,0xe0,0xff,0x03,0xe0,0xff,0x03,0xe0,0xff,0x03,0xe0,
    0xff,0x03,0xe0,0xff,0x03,0xe0,0xff,0x03,0xe0,0xff,0x03,0xe0,0xff,0x03,0xe0,0xff,
    0x03,0xe0,0xff,0x03,0xe0,0xff,0x03,0xe0,0xff,0x03,0xe0,0xff,0x03,0xe0,0xff,0x03,
    0xe0,0xff,0x03,0xe0,0xff,0x03,0xe0,0xff,0x03,0xe0,0xff,0x03,0xe0,0xff,0x03,0xe0,
    0xff,0x03,0xe0,0xff,0x03,0xe0,0xff,0x03,0xe0,0xff,0x03,0xe0,0xff,0x03,0xe0,0xff,
    0x03,0xe0,0xff,0x03,0xe0,0xff,0x03,0xe0,0xff,0x03,0xe0,0xff,0x03,0xe0,0xff,0x03,
    0xe0,0xff,0x03,0xe0,0xff,0x03,0xe0,0xff,0x03,0xe0,0xff,0x03,0xe0,0xff,0x03,0xe0,
    0xff,0x03,0xe0,0xff,0x03,0xe0,0xff,0x03,0xe0,0xff,0x03,0xe0,0xff,0x03,0xe0,0xff,
    0x03,0xe0,0xff,0x03,0xe0,0xff,0x03,0xe0,0xff,0x03,0xe0,0xff,0x03,0xe0,0xff,0x03,
    0xe0,0xff,0x03,0xe0,0xff,0x03,0xe0,0xff,0x03,0xe0,0xff,0x03,0xe0,0xff,0x03,0xe0,
    0xff,0x03,0xe0,0xff,0x03,0xe0,0xff,0x03,0xe0,0xff,0x03,0xe0,0xff,0x03,0xe0,0xff,
    0x03,0xe0,0xff,0x03,0xe0,0xff,0x03,0xe0,0xff,0x03,0xe0,0xff,0x03,0xe0,0xff,0x03,
    0xe0,0xff,0x03,0xe0,0xff,0x03,0xe0,0xff,0x03,0xe0,0xff,0x03,0xe0,0xff,0x03,0xe0,
    0xff,0x03,0xe0,0xff,0x03,0xe0,0xff,0x03,0xe0,0xff,0x03,0xe0,0xff,0x03,0xe0,0xff,
    0x03,0xe0,0xff,0x03,0xe0,0xff,0x03,0xe0,0xff,0x03,0xe0,0xff,0x03,0xe0,0xff,0x03,
    0xe0,0xff,0x03,0xe0,0xff,0x03,0xe0,0xff,0x03,0xe0,0xff,0x03,0xe0,0xff,0x03,0xe0,
    0xff,0x03,0xe0,0xff,0x03,0xe0,0xff,0x03,0xe0,0xff,0x03,0xe0,0xff,0x03,0xe0,0xff,
    0x03,0xe0,0xff,0x03,0xe0,0xff,0x03,0xe0,0xff,0x03,0xe0,0xff,0x03,0xe0,0xff,0x03,
    0xe0,0xff,0x03,0xe0,0xff,0x03,0xe0,0xff,0x03,0xe0,0xff,0x03,0xe0,0xff,0x03,0xe0,
    0xff,0x03,0xe0,0xff,0x03,0xe0,0xff,0x03,0xe0,0xff,0x03,0xe0,0xff,0x03,0xe0,0xff,
    0x03,0xe0,0xff,0x03,0xe0,0xff,0x03,0xe0,0xff,0x03,0xe0,0xff,0x03,0xe0,0xff,0x03,
    0xe0,0xff,0x03,0xe0,0xff,0x03,0xe0,0xff,0x03,0xe0,0xff,0x03,0xe0,0xff,0x03,0xe0,
    0xff,0x03,0xe0,0xff,0x03,0xe0,0xff,0x03,0xe0,0xff,0x03,0xe0,0xff,0x03,0xe0,0xff,
    0x03,0xe0,0xff,0x03,0xe0,0xff,0x03,0xe0,0xff,0x03,0xe0,0xff,0x03,0xe0,0xff,0x03,
    0xe0,0xff,0x03,0xe0,0xff,0x03,0xe0,0xff,0x03,0xe0,0xff,0x03,0xe0,0xff,0x03,0xe0,
    0xff,0x03,0xe0,0xff,0x03,0xe0,0xff,0x03,0xe0,0xff,0x03,0xe0,0xff,0x03,0xe0,0xff,
    0x03,0xe0,0xff,0x03,0xe0,0xff,0x03,0xe0,0xff,0x03,0xe0,0xf0,0x03,0xe0,0x80,0x03,
    0xe0,0x10,0xff,0xff,0x00,0xff,0xff,0x00,0xff,0xff,0x00,0xff,0xff,0x00,0xff,0xff,
    0x00,0xff,0xff,0x00,0xff,0xff,0x00,0xff,0xff,0x00,0xff,0xff,0x00,0xff,0xff,0x00,
    0xff,0xff,0x00,0xff,0xff,0x00,0xff,0xff,0x00,0xff,0xff,0x00,0x03,0xe0,0x10,0x03,
    0xe0,0x70,0x03,0xe0,0xd0,0x03,0xe0,0xff,0x03,0xe0,0xff,0x03,0xe0,0xff,0x03,0xe0,
    0xff,0x03,0xe0,0xff,0x03,0xe0,0xff,0x03,0xe0,0xff,0x03,0xe0,0xff,0x03,0xe0,0xff,
    0x03,0xe0,0xff,0x03,0xe0,0xff,0x03,0xe0,0xff,0x03,0xe0,0xff,0x03,0xe0,0xff,0x03,
    0xe0,0xff,0x03,0xe0,0xff,0x03,0xe0,0xff,0x03,0xe0,0xff,0x03,0xe0,0xff,0x03,0xe0,
    0xff,0x03,0xe0,0xff,0x03,0xe0,0xff,0x03,0xe0,0xff,0x03,0xe0,0xff,0x03,0xe0,0xff,
    0x03,0xe0,0xff,0x03,0xe0,0xff,0x03,0xe0,0xff,0x03,0xe0,0xff,0x03,0xe0,0xff,0x03,
    0xe0,0xff,0x03,0xe0,0xff,0x03,0xe0,0xff,0x03,0xe0,0xff,0x03,0xe0,0xff,0x03,0xe0,
    0xff,0x03,0xe0,0xff,0x03,0xe0,0xff,0x03,0xe0,0xff,0x03,0xe0,0xff,0x03,0xe0,0xff,
    0x03,0xe0,0xff,0x03,0xe0,0xff,0x03,0xe0,0xff,0x03,0xe0,0xff,0x03,0xe0,0xff,0x03,
    0xe0,0xff,0x03,0xe0,0xff,0x03,0xe0,0xff,0x03,0xe0,0xff,0x03,0xe0,0xff,0x03,0xe0,
    0xff,0x03,0xe0,0xff,0x03,0xe0,0xff,0x03,0xe0,0xff,0x03,0xe0,0xff,0x03,0xe0,0xff,
    0x03,0xe0,0xff,0x03,0xe0,0xff,0x03,0xe0,0xff,0x03,0xe0,0xff,0x03,0xe0,0xff,0x03,
    0xe0,0xff,0x03,0xe0,0xff,0x03,0xe0,0xff,0x03,0xe0,0xff,0x03,0xe0,0xff,0x03,0xe0,
    0xff,0x03,0xe0,0xff,0x03,0xe0,0xff,0x03,0xe0,0xff,0x03,0xe0,0xff,0x03,0xe0,0xff,
    0x03,0xe0,0xff,0x03,0xe0,0xff,0x03,0xe0,0xff,0x03,0xe0,0xff,0x03,0xe0,0xff,0x03,
    0xe0,0xff,0x03,0xe0,0xff,0x03,0xe0,0xff,0x03,0xe0,0xff,0x03,0xe0,0xff,0x03,0xe0,
    0xff,0x03,0xe0,0xff,0x03,0xe0,0xff,0x03,0xe0,0xff,0x03,0xe0,0xff,0x03,0xe0,0xff,
    0x03,0xe0,0xff,0x03,0xe0,0xff,0x03,0xe0,0xff,0x03,0xe0,0xff,0x03,0xe0,0xff,0x03,
    0xe0,0xff,0x03,0xe0,0xff,0x03,0xe0,0xff,0x03,0xe0,0xff,0x03,0xe0,0xff,0x03,0xe0,
    0xff,0x03,0xe0,0xff,0x03,0xe0,0xff,0x03,0xe0,0xff,0x03,0xe0,0xff,0x03,0xe0,0xff,
    0x03,0xe0,0xff,0x03,0xe0,0xff,0x03,0xe0,0xff,0x03,0xe0,0xff,0x03,0xe0,0xff,0x03,
    0xe0,0xff,0x03,0xe0,0xff,0x03,0xe0,0xff,0x03,0xe0,0xff,0x03,0xe0,0xff,0x03,0xe0,
    0xff,0x03,0xe0,0xff,0x03,0xe0,0xff,0x03,0xe0,0xff,0x03,0xe0,0xff,0x03,0xe0,0xff,
    0x03,0xe0,0xff,0x03,0xe0,0xff,0x03,0xe0,0xff,0x03,0xe0,0xff,0x03,0xe0,0xff,0x03,
    0xe0,0xff,0x03,0xe0,0xff,0x03,0xe0,0xff,0x03,0xe0,0xff,0x03,0xe0,0xff,0x03,0xe0,
    0xff,0x03,0xe0,0xff,0x03,0xe0,0xff,0x03,0xe0,0xff,0x03,0xe0,0xff,0x03,0xe0,0xff,
    0x03,0xe0,0xff,0x03,0xe0,0xff,0x03,0xe0,0xff,0x03,0xe0,0xff,0x03,0xe0,0xff,0x03,
    0xe0,0xff,0x03,0xe0,0xff,0x03,0xe0,0xff,0x03,0xe0,0xff,0x03,0xe0,0xff,0x03,0xe0,
    0xff,0x03,0xe0,0xff,0x03,0xe0,0xff,0x03,0xe0,0xff,0x03,0xe0,0xff,0x03,0xe0,0xff,
    0x03,0xe0,0xff,0x03,0xe0,0xff,0x03,0xe0,0xff,0x03,0xe0,0xff,0x03,0xe0,0xff,0x03,
    0xe0,0xff,0x03,0xe0,0xff,0x03,0xe0,0xff,0x03,0xe0,0xff,0x03,0xe0,0xff,0x03,0xe0,
    0xff,0x03,0xe0,0xff,0x03,0xe0,0xff,0x03,0xe0,0xff,0x03,0xe0,0xff,0x03,0xe0,0xff,
    0x03,0xe0,0xff,0x03,0xe0,0xff,0x03,0xe0,0xff,0x03,0xe0,0xff,0x03,0xe0,0xff,0x03,
    0xe0,0xff,0x03,0xe0,0xff,0x03,0xe0,0xff,0x03,0xe0,0xff,0x03,0xe0,0xff,0x03,0xe0,
    0xff,0x03,0xe0,0xff,0x03,0xe0,0xff,0x03,0xe0,0xff,0x03,0xe0,0xff,0x03,0xe0,0xff,
    0x03,0xe0,0xff,0x03,0xe0,0xff,0x03,0xe0,0xff,0x03,0xe0,0xff,0x03,0xe0,0xff,0x03,
    0xe0,0xff,0x03,0xe0,0xff,0x03,0xe0,0xff,0x03,0xe0,0xff,0x03,0xe0,0xff,0x03,0xe0,
    0xff,0x03,0xe0,0xff,0x03,0xe0,0xff,0x03,0xe0,0xff,0x03,0xe0,0xff,0x03,0xe0,0xff,
    0x03,0xe0,0xff,0x03,0xe0,0xff,0x03,0xe0,0xff,0x03,0xe0,0xff,0x03,0xe0,0xff,0x03,
    0xe0,0xff,0x03,0xe0,0xff,0x03,0xe0,0xff,0x03,0xe0,0xff,0x03,0xe0,0xff,0x03,0xe0,
    0xff,0x03,0xe0,0xff,0x03,0xe0,0xff,0x03,0xe0,0xff,0x03,0xe0,0xff,0x03,0xe0,0xff,
    0x03,0xe0,0xff,0x03,0xe0,0xff,0x03,0xe0,0xff,0x03,0xe0,0xff,0x03,0xe0,0xff,0x03,
    0xe0,0xff,0x03,0xe0,0xff,0x03,0xe0,0xff,0x03,0xe0,0xff,0x03,0xe0,0xff,0x03,0xe0,
    0xff,0x03,0xe0,0xff,0x03,0xe0,0xff,0x03,0xe0,0xff,0x03,0xe0,0xff,0x03,0xe0,0xff,
    0x03,0xe0,0xff,0x03,0xe0,0xff,0x03,0xe0,0xff,0x03,0xe0,0xff,0x03,0xe0,0xff,0x03,
    0xe0,0xff,0x03,0xe0,0xff,0x03,0xe0,0xff,0x03,0xe0,0xff,0x03,0xe0,0xff,0x03,0xe0,
    0xff,0x03,0xe0,0xff,0x03,0xe0,0xff,0x03,0xe0,0xff,0x03,0xe0,0xff,0x03,0xe0,0xff,
    0x03,0xe0,0xff,0x03,0xe0,0xff,0x03,0xe0,0xff,0x03,0xe0,0xff,0x03,0xe0,0xff,0x03,
    0xe0,0xff,0x03,0xe0,0xff,0x03,0xe0,0xff,0x03,0xe0,0xff,0x03,0xe0,0xff,0x03,0xe0,
    0xff,0x03,0xe0,0xff,0x03,0xe0,0xff,0x03,0xe0,0xff,0x03,0xe0,0xff,0x03,0xe0,0xff,
    0x03,0xe0,0xff,0x03,0xe0,0xff,0x03,0xe0,0xff,0x03,0xe0,0xff,0x03,0xe0,0xff,0x03,
    0xe0,0xff,0x03,0xe0,0xff,0x03,0xe0,0xff,0x03,0xe0,0xff,0x03,0xe0,0xff,0x03,0xe0,
    0xff,0x03,0xe0,0xff,0x03,0xe0,0xff,0x03,0xe0,0xd0,0x03,0xe0,0x70,0x03,0xe0,0x10,
    0xff,0xff,0x00,0xff,0xff,0x00,0xff,0xff,0x00,0xff,0xff,0x00,0xff,0xff,0x00,0xff,
    0xff,0x00,0xff,0xff,0x00,0xff,0xff,0x00,0xff,0xff,0x00,0xff,0xff,0x00,0xff,0xff,
    0x00,0xff,0xff,0x00,0xff,0xff,0x00,0xff,0xff,0x00,0xff,0xff,0x00,0xff,0xff,0x00,
    0xff,0xff,0x00,0xff,0xff,0x00,0xff,0xff,0x00,0x03,0xe0,0x10,0x03,0xe0,0x40,0x03,
    0xe0,0x70,0x03,0xe0,0x80,0x03,0xe0,0x80,0x03,0xe0,0x80,0x03,0xe0,0x80,0x03,0xe0,
    0x80,0x03,0xe0,0x80,0x03,0xe0,0x80,0x03,0xe0,0x80,0x03,0xe0,0x80,0x03,0xe0,0x80,
    0x03,0xe0,0x80,0x03,0xe0,0x80,0x03,0xe0,0x80,0x03,0xe0,0x80,0x03,0xe0,0x80,0x03,
    0xe0,0x80,0x03,0xe0,0x80,0x03,0xe0,0x80,0x03,0xe0,0x80,0x03,0xe0,0x80,0x03,0xe0,
    0x80,0x03,0xe0,0x80,0x03,0xe0,0x80,0x03,0xe0,0x80,0x03,0xe0,0x80,0x03,0xe0,0x80,
    0x03,0xe0,0x80,0x03,0xe0,0x80,0x03,0xe0,0x80,0x03,0xe0,0x80,0x03,0xe0,0x80,0x03,
    0xe0,0x80,0x03,0xe0,0x80,0x03,0xe0,0x80,0x03,0xe0,0x80,0x03,0xe0,0x80,0x03,0xe0,
    0x80,0x03,0xe0,0x80,0x03,0xe0,0x80,0x03,0xe0,0x80,0x03,0xe0,0x80,0x03,0xe0,0x80,
    0x03,0xe0,0x80,0x03,0xe0,0x80,0x03,0xe0,0x80,0x03,0xe0,0x80,0x03,0xe0,0x80,0x03,
    0xe0,0x80,0x03,0xe0,0x80,0x03,0xe0,0x80,0x03,0xe0,0x80,0x03,0xe0,0x80,0x03,0xe0,
    0x80,0x03,0xe0,0x80,0x03,0xe0,0x80,0x03,0xe0,0x80,0x03,0xe0,0x80,0x03,0xe0,0x80,
    0x03,0xe0,0x80,0x03,0xe0,0x80,0x03,0xe0,0x80,0x03,0xe0,0x80,0x03,0xe0,0x80,0x03,
    0xe0,0x80,0x03,0xe0,0x80,0x03,0xe0,0x80,0x03,0xe0,0x80,0x03,0xe0,0x80,0x03,0xe0,
    0x80,0x03,0xe0,0x80,0x03,0xe0,0x80,0x03,0xe0,0x80,0x03,0xe0,0x80,0x03,0xe0,0x80,
    0x03,0xe0,0x80,0x03,0xe0,0x80,0x03,0xe0,0x80,0x03,0xe0,0x80,0x03,0xe0,0x80,0x03,
    0xe0,0x80,0x03,0xe0,0x80,0x03,0xe0,0x80,0x03,0xe0,0x80,0x03,0xe0,0x80,0x03,0xe0,
    0x80,0x03,0xe0,0x80,0x03,0xe0,0x80,0x03,0xe0,0x80,0x03,0xe0,0x80,0x03,0xe0,0x80,
    0x03,0xe0,0x80,0x03,0xe0,0x80,0x03,0xe0,0x80,0x03,0xe0,0x80,0x03,0xe0,0x80,0x03,
    0xe0,0x80,0x03,0xe0,0x80,0x03,0xe0,0x80,0x03,0xe0,0x80,0x03,0xe0,0x80,0x03,0xe0,
    0x80,0x03,0xe0,0x80,0x03,0xe0,0x80,0x03,0xe0,0x80,0x03,0xe0,0x80,0x03,0xe0,0x80,
    0x03,0xe0,0x80,0x03,0xe0,0x80,0x03,0xe0,0x80,0x03,0xe0,0x80,0x03,0xe0,0x80,0x03,
    0xe0,0x80,0x03,0xe0,0x80,0x03,0xe0,0x80,0x03,0xe0,0x80,0x03,0xe0,0x80,0x03,0xe0,
    0x80,0x03,0xe0,0x80,0x03,0xe0,0x80,0x03,0xe0,0x80,0x03,0xe0,0x80,0x03,0xe0,0x80,
    0x03,0xe0,0x80,0x03,0xe0,0x80,0x03,0xe0,0x80,0x03,0xe0,0x80,0x03,0xe0,0x80,0x03,
    0xe0,0x80,0x03,0xe0,0x80,0x03,0xe0,0x80,0x03,0xe0,0x80,0x03,0xe0,0x80,0x03,0xe0,
    0x80,0x03,0xe0,0x80,0x03,0xe0,0x80,0x03,0xe0,0x80,0x03,0xe0,0x80,0x03,0xe0,0x80,
    0x03,0xe0,0x80,0x03,0xe0,0x80,0x03,0xe0,0x80,0x03,0xe0,0x80,0x03,0xe0,0x80,0x03,
    0xe0,0x80,0x03,0xe0,0x80,0x03,0xe0,0x80,0x03,0xe0,0x80,0x03,0xe0,0x80,0x03,0xe0,
    0x80,0x03,0xe0,0x80,0x03,0xe0,0x80,0x03,0xe0,0x80,0x03,0xe0,0x80,0x03,0xe0,0x80,
    0x03,0xe0,0x80,0x03,0xe0,0x80,0x03,0xe0,0x80,0x03,0xe0,0x80,0x03,0xe0,0x80,0x03,
    0xe0,0x80,0x03,0xe0,0x80,0x03,0xe0,0x80,0x03,0xe0,0x80,0x03,0xe0,0x80,0x03,0xe0,
    0x80,0x03,0xe0,0x80,0x03,0xe0,0x80,0x03,0xe0,0x80,0x03,0xe0,0x80,0x03,0xe0,0x80,
    0x03,0xe0,0x80,0x03,0xe0,0x80,0x03,0xe0,0x80,0x03,0xe0,0x80,0x03,0xe0,0x80,0x03,
    0xe0,0x80,0x03,0xe0,0x80,0x03,0xe0,0x80,0x03,0xe0,0x80,0x03,0xe0,0x80,0x03,0xe0,
    0x80,0x03,0xe0,0x80,0x03,0xe0,0x80,0x03,0xe0,0x80,0x03,0xe0,0x80,0x03,0xe0,0x80,
    0x03,0xe0,0x80,0x03,0xe0,0x80,0x03,0xe0,0x80,0x03,0xe0,0x80,0x03,0xe0,0x80,0x03,
    0xe0,0x80,0x03,0xe0,0x80,0x03,0xe0,0x80,0x03,0xe0,0x80,0x03,0xe0,0x80,0x03,0xe0,
    0x80,0x03,0xe0,0x80,0x03,0xe0,0x80,0x03,0xe0,0x80,0x03,0xe0,0x80,0x03,0xe0,0x80,
    0x03,0xe0,0x80,0x03,0xe0,0x80,0x03,0xe0,0x80,0x03,0xe0,0x80,0x03,0xe0,0x80,0x03,
    0xe0,0x80,0x03,0xe0,0x80,0x03,0xe0,0x80,0x03,0xe0,0x80,0x03,0xe0,0x80,0x03,0xe0,
    0x80,0x03,0xe0,0x80,0x03,0xe0,0x80,0x03,0xe0,0x80,0x03,0xe0,0x80,0x03,0xe0,0x80,
    0x03,0xe0,0x80,0x03,0xe0,0x80,0x03,0xe0,0x80,0x03,0xe0,0x80,0x03,0xe0,0x80,0x03,
    0xe0,0x80,0x03,0xe0,0x80,0x03,0xe0,0x80,0x03,0xe0,0x80,0x03,0xe0,0x80,0x03,0xe0,
    0x80,0x03,0xe0,0x80,0x03,0xe0,0x80,0x03,0xe0,0x80,0x03,0xe0,0x80,0x03,0xe0,0x80,
    0x03,0xe0,0x80,0x03,0xe0,0x80,0x03,0xe0,0x80,0x03,0xe0,0x80,0x03,0xe0,0x80,0x03,
    0xe0,0x80,0x03,0xe0,0x80,0x03,0xe0,0x80,0x03,0xe0,0x80,0x03,0xe0,0x80,0x03,0xe0,
    0x80,0x03,0xe0,0x80,0x03,0xe0,0x80,0x03,0xe0,0x80,0x03,0xe0,0x80,0x03,0xe0,0x80,
    0x03,0xe0,0x80,0x03,0xe0,0x80,0x03,0xe0,0x80,0x03,0xe0,0x80,0x03,0xe0,0x80,0x03,
    0xe0,0x80,0x03,0xe0,0x80,0x03,0xe0,0x80,0x03,0xe0,0x80,0x03,0xe0,0x80,0x03,0xe0,
    0x80,0x03,0xe0,0x80,0x03,0xe0,0x80,0x03,0xe0,0x80,0x03,0xe0,0x80,0x03,0xe0,0x80,
    0x03,0xe0,0x80,0x03,0xe0,0x80,0x03,0xe0,0x80,0x03,0xe0,0x80,0x03,0xe0,0x80,0x03,
    0xe0,0x80,0x03,0xe0,0x70,0x03,0xe0,0x40,0x03,0xe0,0x10,0xff,0xff,0x00,0xff,0xff,
    0x00,0xff,0xff,0x00,0xff,0xff,0x00,0xff,0xff,0x00,0xff,0xff,0x00,0xff,0xff,0x00,
    0xff,0xff,0x00,0xff,0xff,0x00,0xff,0xff,0x00,0xff,0xff,0x00,
};
const lv_img_dsc_t ui_img_header_png = {
    .header.always_zero = 0,
    .header.w = 300,
    .header.h = 39,
    .data_size = sizeof(ui_img_header_png_data),
    .header.cf = LV_IMG_CF_TRUE_COLOR_ALPHA,
    .data = ui_img_header_png_data
};

